"Date","Price","Open","High","Low","Change %"
"Dec 31, 2019","2.3658","2.3698","2.3701","2.3611","-0.11%"
"Dec 30, 2019","2.3683","2.3733","2.3737","2.3636","-0.20%"
"Dec 27, 2019","2.3731","2.3914","2.3916","2.3716","-0.69%"
"Dec 26, 2019","2.3897","2.3914","2.3933","2.3874","-0.07%"
"Dec 25, 2019","2.3914","2.3907","2.3954","2.3874","-0.03%"
"Dec 24, 2019","2.3921","2.3920","2.3974","2.3916","-0.00%"
"Dec 23, 2019","2.3922","2.3947","2.3976","2.3918","-0.08%"
"Dec 20, 2019","2.3940","2.3844","2.3967","2.3836","0.39%"
"Dec 19, 2019","2.3848","2.3867","2.3883","2.3804","-0.08%"
"Dec 18, 2019","2.3867","2.3787","2.3879","2.3776","0.34%"
"Dec 17, 2019","2.3786","2.3803","2.3834","2.3735","-0.06%"
"Dec 16, 2019","2.3800","2.3851","2.3851","2.3768","-0.21%"
"Dec 13, 2019","2.3849","2.3834","2.3870","2.3676","0.08%"
"Dec 12, 2019","2.3830","2.3832","2.3885","2.3779","-0.00%"
"Dec 11, 2019","2.3831","2.3906","2.3961","2.3799","-0.31%"
"Dec 10, 2019","2.3906","2.3975","2.3981","2.3891","-0.27%"
"Dec 09, 2019","2.3971","2.3996","2.4000","2.3941","-0.05%"
"Dec 06, 2019","2.3982","2.3890","2.4026","2.3871","0.41%"
"Dec 05, 2019","2.3883","2.3939","2.3944","2.3870","-0.25%"
"Dec 04, 2019","2.3943","2.3936","2.3969","2.3857","0.04%"
"Dec 03, 2019","2.3933","2.3938","2.3973","2.3906","-0.03%"
"Dec 02, 2019","2.3940","2.4071","2.4109","2.3919","-0.56%"
"Nov 29, 2019","2.4074","2.4095","2.4154","2.4051","-0.08%"
"Nov 28, 2019","2.4093","2.4120","2.4120","2.4072","-0.09%"
"Nov 27, 2019","2.4115","2.4064","2.4130","2.4051","0.20%"
"Nov 26, 2019","2.4068","2.4082","2.4104","2.4055","-0.05%"
"Nov 25, 2019","2.4081","2.4064","2.4103","2.4038","0.09%"
"Nov 22, 2019","2.4059","2.3981","2.4080","2.3927","0.31%"
"Nov 21, 2019","2.3984","2.3948","2.3998","2.3902","0.13%"
"Nov 20, 2019","2.3952","2.3943","2.3996","2.3930","0.05%"
"Nov 19, 2019","2.3939","2.3954","2.3981","2.3916","-0.06%"
"Nov 18, 2019","2.3954","2.4000","2.4009","2.3918","-0.18%"
"Nov 15, 2019","2.3998","2.4061","2.4082","2.3986","-0.27%"
"Nov 14, 2019","2.4063","2.4096","2.4139","2.4054","-0.14%"
"Nov 13, 2019","2.4097","2.4097","2.4123","2.4070","0.02%"
"Nov 12, 2019","2.4093","2.4043","2.4110","2.4028","0.21%"
"Nov 11, 2019","2.4042","2.4062","2.4074","2.4017","-0.11%"
"Nov 08, 2019","2.4068","2.4005","2.4080","2.3992","0.26%"
"Nov 07, 2019","2.4005","2.3967","2.4038","2.3918","0.14%"
"Nov 06, 2019","2.3971","2.3952","2.3973","2.3911","0.08%"
"Nov 05, 2019","2.3952","2.3834","2.3973","2.3807","0.48%"
"Nov 04, 2019","2.3837","2.3756","2.3848","2.3732","0.35%"
"Nov 01, 2019","2.3754","2.3784","2.3840","2.3742","-0.13%"
"Oct 31, 2019","2.3784","2.3786","2.3834","2.3735","-0.02%"
"Oct 30, 2019","2.3789","2.3872","2.3941","2.3785","-0.34%"
"Oct 29, 2019","2.3870","2.3895","2.3958","2.3853","-0.11%"
"Oct 28, 2019","2.3897","2.3933","2.3955","2.3889","-0.18%"
"Oct 25, 2019","2.3939","2.3889","2.3965","2.3855","0.22%"
"Oct 24, 2019","2.3887","2.3826","2.3910","2.3763","0.23%"
"Oct 23, 2019","2.3831","2.3834","2.3884","2.3809","-0.05%"
"Oct 22, 2019","2.3843","2.3792","2.3866","2.3773","0.22%"
"Oct 21, 2019","2.3790","2.3803","2.3815","2.3725","0.19%"
"Oct 18, 2019","2.3744","2.3838","2.3868","2.3742","-0.43%"
"Oct 17, 2019","2.3846","2.3966","2.3984","2.3820","-0.46%"
"Oct 16, 2019","2.3956","2.4034","2.4071","2.3926","-0.35%"
"Oct 15, 2019","2.4041","2.4042","2.4134","2.4007","-0.03%"
"Oct 14, 2019","2.4049","2.4008","2.4088","2.3995","0.11%"
"Oct 11, 2019","2.4023","2.4107","2.4123","2.3986","-0.32%"
"Oct 10, 2019","2.4099","2.4180","2.4180","2.4039","-0.32%"
"Oct 09, 2019","2.4177","2.4200","2.4217","2.4135","-0.14%"
"Oct 08, 2019","2.4211","2.4184","2.4251","2.4131","0.14%"
"Oct 07, 2019","2.4176","2.4163","2.4199","2.4103","0.07%"
"Oct 04, 2019","2.4160","2.4194","2.4219","2.4135","-0.12%"
"Oct 03, 2019","2.4188","2.4211","2.4251","2.4122","-0.07%"
"Oct 02, 2019","2.4204","2.4253","2.4328","2.4190","-0.24%"
"Oct 01, 2019","2.4263","2.4335","2.4394","2.4247","-0.30%"
"Sep 30, 2019","2.4335","2.4251","2.4373","2.4228","0.35%"
"Sep 27, 2019","2.4249","2.4287","2.4336","2.4214","-0.16%"
"Sep 26, 2019","2.4287","2.4251","2.4323","2.4194","0.19%"
"Sep 25, 2019","2.4240","2.4071","2.4255","2.4057","0.71%"
"Sep 24, 2019","2.4070","2.4116","2.4154","2.4057","-0.24%"
"Sep 23, 2019","2.4129","2.4074","2.4190","2.4049","0.22%"
"Sep 20, 2019","2.4075","2.4007","2.4112","2.3961","0.21%"
"Sep 19, 2019","2.4024","2.4058","2.4071","2.3961","-0.10%"
"Sep 18, 2019","2.4049","2.3943","2.4078","2.3940","0.40%"
"Sep 17, 2019","2.3953","2.4096","2.4136","2.3947","-0.64%"
"Sep 16, 2019","2.4107","2.3914","2.4122","2.3901","0.67%"
"Sep 13, 2019","2.3946","2.3984","2.4005","2.3880","-0.11%"
"Sep 12, 2019","2.3972","2.4086","2.4275","2.3920","-0.48%"
"Sep 11, 2019","2.4088","2.4008","2.4144","2.3988","0.30%"
"Sep 10, 2019","2.4015","2.4007","2.4046","2.3978","0.05%"
"Sep 09, 2019","2.4004","2.4046","2.4074","2.3955","-0.17%"
"Sep 06, 2019","2.4045","2.4042","2.4078","2.3990","0.05%"
"Sep 05, 2019","2.4034","2.4035","2.4074","2.3925","0.00%"
"Sep 04, 2019","2.4033","2.4161","2.4188","2.4026","-0.56%"
"Sep 03, 2019","2.4169","2.4184","2.4278","2.4162","-0.06%"
"Sep 02, 2019","2.4183","2.4152","2.4219","2.4123","0.21%"
"Aug 30, 2019","2.4132","2.4003","2.4202","2.3990","0.60%"
"Aug 29, 2019","2.3988","2.3947","2.4012","2.3902","0.18%"
"Aug 28, 2019","2.3944","2.3902","2.3954","2.3895","0.13%"
"Aug 27, 2019","2.3914","2.3887","2.3929","2.3868","0.10%"
"Aug 26, 2019","2.3891","2.3803","2.3910","2.3750","0.38%"
"Aug 23, 2019","2.3800","2.3944","2.4011","2.3786","-0.58%"
"Aug 22, 2019","2.3939","2.3927","2.3976","2.3866","0.05%"
"Aug 21, 2019","2.3928","2.3887","2.3939","2.3884","0.14%"
"Aug 20, 2019","2.3894","2.3940","2.3981","2.3888","-0.20%"
"Aug 19, 2019","2.3943","2.3925","2.3958","2.3879","0.11%"
"Aug 16, 2019","2.3917","2.3889","2.3977","2.3876","0.15%"
"Aug 15, 2019","2.3882","2.3812","2.3921","2.3773","0.29%"
"Aug 14, 2019","2.3813","2.3737","2.3832","2.3702","0.28%"
"Aug 13, 2019","2.3746","2.3660","2.3754","2.3632","0.38%"
"Aug 12, 2019","2.3655","2.3676","2.3765","2.3611","-0.13%"
"Aug 09, 2019","2.3685","2.3733","2.3735","2.3642","-0.17%"
"Aug 08, 2019","2.3725","2.3685","2.3732","2.3610","0.17%"
"Aug 07, 2019","2.3685","2.3677","2.3730","2.3595","0.01%"
"Aug 06, 2019","2.3683","2.3671","2.3754","2.3579","0.02%"
"Aug 05, 2019","2.3678","2.3887","2.3887","2.3649","-0.84%"
"Aug 02, 2019","2.3878","2.3937","2.3976","2.3868","-0.21%"
"Aug 01, 2019","2.3929","2.3951","2.4051","2.3908","-0.08%"
"Jul 31, 2019","2.3949","2.3777","2.3985","2.3756","0.67%"
"Jul 30, 2019","2.3790","2.3810","2.3846","2.3776","-0.08%"
"Jul 29, 2019","2.3809","2.3856","2.3884","2.3792","-0.17%"
"Jul 26, 2019","2.3850","2.3808","2.3892","2.3790","0.23%"
"Jul 25, 2019","2.3796","2.3817","2.3904","2.3716","-0.05%"
"Jul 24, 2019","2.3809","2.3769","2.3838","2.3769","0.11%"
"Jul 23, 2019","2.3784","2.3649","2.3803","2.3647","0.52%"
"Jul 22, 2019","2.3661","2.3645","2.3683","2.3625","0.11%"
"Jul 19, 2019","2.3636","2.3523","2.3689","2.3519","0.45%"
"Jul 18, 2019","2.3529","2.3643","2.3691","2.3521","-0.47%"
"Jul 17, 2019","2.3641","2.3662","2.3699","2.3615","-0.08%"
"Jul 16, 2019","2.3660","2.3563","2.3683","2.3552","0.39%"
"Jul 15, 2019","2.3569","2.3552","2.3585","2.3521","0.15%"
"Jul 12, 2019","2.3533","2.3564","2.3604","2.3525","-0.15%"
"Jul 11, 2019","2.3569","2.3571","2.3596","2.3512","-0.05%"
"Jul 10, 2019","2.3581","2.3674","2.3702","2.3558","-0.36%"
"Jul 09, 2019","2.3666","2.3655","2.3710","2.3647","0.03%"
"Jul 08, 2019","2.3660","2.3653","2.3685","2.3611","0.08%"
"Jul 05, 2019","2.3641","2.3516","2.3691","2.3516","0.58%"
"Jul 04, 2019","2.3504","2.3527","2.3529","2.3493","-0.06%"
"Jul 03, 2019","2.3519","2.3495","2.3544","2.3452","0.03%"
"Jul 02, 2019","2.3511","2.3513","2.3545","2.3450","-0.00%"
"Jul 01, 2019","2.3512","2.3344","2.3525","2.3329","0.78%"
"Jun 28, 2019","2.3329","2.3331","2.3367","2.3281","-0.01%"
"Jun 27, 2019","2.3331","2.3314","2.3375","2.3304","-0.01%"
"Jun 26, 2019","2.3333","2.3346","2.3399","2.3291","-0.03%"
"Jun 25, 2019","2.3341","2.3267","2.3399","2.3253","0.30%"
"Jun 24, 2019","2.3272","2.3367","2.3367","2.3270","-0.25%"
"Jun 21, 2019","2.3330","2.3494","2.3521","2.3311","-0.70%"
"Jun 20, 2019","2.3495","2.3636","2.3645","2.3453","-0.60%"
"Jun 19, 2019","2.3636","2.3706","2.3729","2.3586","-0.26%"
"Jun 18, 2019","2.3697","2.3645","2.3737","2.3603","0.19%"
"Jun 17, 2019","2.3651","2.3667","2.3694","2.3600","-0.06%"
"Jun 14, 2019","2.3665","2.3510","2.3689","2.3506","0.61%"
"Jun 13, 2019","2.3522","2.3509","2.3553","2.3466","0.11%"
"Jun 12, 2019","2.3495","2.3414","2.3514","2.3387","0.37%"
"Jun 11, 2019","2.3409","2.3450","2.3480","2.3404","-0.17%"
"Jun 10, 2019","2.3450","2.3438","2.3513","2.3423","0.19%"
"Jun 07, 2019","2.3405","2.3523","2.3588","2.3373","-0.50%"
"Jun 06, 2019","2.3523","2.3620","2.3664","2.3466","-0.49%"
"Jun 05, 2019","2.3638","2.3577","2.3645","2.3464","0.28%"
"Jun 04, 2019","2.3573","2.3596","2.3628","2.3527","-0.10%"
"Jun 03, 2019","2.3596","2.3763","2.3788","2.3546","-0.51%"
"May 31, 2019","2.3717","2.3821","2.3857","2.3717","-0.47%"
"May 30, 2019","2.3830","2.3826","2.3872","2.3800","-0.00%"
"May 29, 2019","2.3831","2.3771","2.3848","2.3743","0.27%"
"May 28, 2019","2.3767","2.3685","2.3769","2.3674","0.34%"
"May 27, 2019","2.3687","2.3699","2.3718","2.3659","0.05%"
"May 24, 2019","2.3674","2.3724","2.3747","2.3658","-0.21%"
"May 23, 2019","2.3724","2.3784","2.3889","2.3703","-0.25%"
"May 22, 2019","2.3784","2.3752","2.3805","2.3731","0.08%"
"May 21, 2019","2.3766","2.3752","2.3823","2.3709","0.08%"
"May 20, 2019","2.3748","2.3789","2.3806","2.3737","-0.09%"
"May 17, 2019","2.3769","2.3737","2.3786","2.3714","0.13%"
"May 16, 2019","2.3739","2.3669","2.3758","2.3640","0.25%"
"May 15, 2019","2.3679","2.3666","2.3752","2.3628","0.09%"
"May 14, 2019","2.3657","2.3637","2.3689","2.3583","0.10%"
"May 13, 2019","2.3634","2.3594","2.3645","2.3554","0.10%"
"May 10, 2019","2.3610","2.3650","2.3664","2.3571","-0.17%"
"May 09, 2019","2.3650","2.3705","2.3754","2.3573","-0.22%"
"May 08, 2019","2.3702","2.3699","2.3721","2.3649","-0.00%"
"May 07, 2019","2.3703","2.3684","2.3756","2.3648","0.07%"
"May 06, 2019","2.3686","2.3681","2.3777","2.3663","0.03%"
"May 03, 2019","2.3679","2.3729","2.3834","2.3668","-0.22%"
"May 02, 2019","2.3731","2.3678","2.3752","2.3655","0.17%"
"May 01, 2019","2.3691","2.3651","2.3710","2.3544","0.16%"
"Apr 30, 2019","2.3653","2.3714","2.3750","2.3628","-0.26%"
"Apr 29, 2019","2.3715","2.3800","2.3823","2.3704","-0.36%"
"Apr 26, 2019","2.3800","2.3824","2.3889","2.3742","-0.10%"
"Apr 25, 2019","2.3824","2.3777","2.3874","2.3760","0.20%"
"Apr 24, 2019","2.3777","2.3624","2.3809","2.3611","0.66%"
"Apr 23, 2019","2.3620","2.3556","2.3710","2.3554","0.27%"
"Apr 22, 2019","2.3556","2.3594","2.3622","2.3546","-0.10%"
"Apr 19, 2019","2.3579","2.3596","2.3632","2.3567","-0.15%"
"Apr 18, 2019","2.3615","2.3478","2.3628","2.3462","0.58%"
"Apr 17, 2019","2.3479","2.3514","2.3531","2.3432","-0.13%"
"Apr 16, 2019","2.3510","2.3449","2.3525","2.3443","0.24%"
"Apr 15, 2019","2.3453","2.3483","2.3497","2.3439","-0.06%"
"Apr 12, 2019","2.3468","2.3571","2.3579","2.3426","-0.44%"
"Apr 11, 2019","2.3571","2.3533","2.3582","2.3500","0.18%"
"Apr 10, 2019","2.3529","2.3546","2.3632","2.3504","-0.09%"
"Apr 09, 2019","2.3550","2.3527","2.3580","2.3506","-0.02%"
"Apr 08, 2019","2.3554","2.3655","2.3668","2.3529","-0.40%"
"Apr 05, 2019","2.3649","2.3633","2.3664","2.3591","0.04%"
"Apr 04, 2019","2.3639","2.3613","2.3683","2.3582","0.11%"
"Apr 03, 2019","2.3613","2.3672","2.3689","2.3573","-0.23%"
"Apr 02, 2019","2.3667","2.3653","2.3729","2.3650","0.04%"
"Apr 01, 2019","2.3657","2.3649","2.3678","2.3588","0.03%"
"Mar 29, 2019","2.3649","2.3638","2.3678","2.3592","0.11%"
"Mar 28, 2019","2.3624","2.3588","2.3674","2.3564","0.14%"
"Mar 27, 2019","2.3591","2.3545","2.3599","2.3513","0.20%"
"Mar 26, 2019","2.3545","2.3448","2.3556","2.3428","0.42%"
"Mar 25, 2019","2.3447","2.3451","2.3516","2.3407","0.01%"
"Mar 22, 2019","2.3445","2.3317","2.3533","2.3289","0.51%"
"Mar 21, 2019","2.3327","2.3241","2.3399","2.3205","0.35%"
"Mar 20, 2019","2.3245","2.3378","2.3426","2.3173","-0.55%"
"Mar 19, 2019","2.3373","2.3411","2.3427","2.3357","-0.14%"
"Mar 18, 2019","2.3405","2.3443","2.3451","2.3359","-0.07%"
"Mar 15, 2019","2.3422","2.3453","2.3483","2.3377","-0.20%"
"Mar 14, 2019","2.3468","2.3428","2.3512","2.3403","0.21%"
"Mar 13, 2019","2.3418","2.3498","2.3533","2.3390","-0.34%"
"Mar 12, 2019","2.3498","2.3578","2.3600","2.3459","-0.34%"
"Mar 11, 2019","2.3579","2.3617","2.3651","2.3573","-0.08%"
"Mar 08, 2019","2.3598","2.3699","2.3731","2.3584","-0.41%"
"Mar 07, 2019","2.3695","2.3460","2.3738","2.3441","1.00%"
"Mar 06, 2019","2.3460","2.3457","2.3514","2.3420","0.01%"
"Mar 05, 2019","2.3457","2.3394","2.3500","2.3367","0.28%"
"Mar 04, 2019","2.3392","2.3323","2.3458","2.3291","0.33%"
"Mar 02, 2019","2.3315","2.3315","2.3315","2.3315","-0.00%"
"Mar 01, 2019","2.3316","2.3304","2.3380","2.3249","-0.05%"
"Feb 28, 2019","2.3327","2.3327","2.3354","2.3232","-0.02%"
"Feb 27, 2019","2.3331","2.3282","2.3347","2.3257","0.24%"
"Feb 26, 2019","2.3274","2.3337","2.3397","2.3261","-0.34%"
"Feb 25, 2019","2.3353","2.3407","2.3434","2.3330","-0.18%"
"Feb 22, 2019","2.3396","2.3413","2.3466","2.3367","-0.02%"
"Feb 21, 2019","2.3400","2.3398","2.3445","2.3346","0.01%"
"Feb 20, 2019","2.3398","2.3392","2.3437","2.3324","0.03%"
"Feb 19, 2019","2.3390","2.3449","2.3538","2.3353","-0.27%"
"Feb 18, 2019","2.3453","2.3512","2.3519","2.3413","-0.14%"
"Feb 15, 2019","2.3487","2.3483","2.3623","2.3454","0.02%"
"Feb 14, 2019","2.3483","2.3529","2.3580","2.3451","-0.31%"
"Feb 13, 2019","2.3556","2.3418","2.3560","2.3387","0.57%"
"Feb 12, 2019","2.3422","2.3525","2.3577","2.3386","-0.43%"
"Feb 11, 2019","2.3523","2.3428","2.3544","2.3420","0.49%"
"Feb 08, 2019","2.3409","2.3403","2.3443","2.3367","0.13%"
"Feb 07, 2019","2.3378","2.3337","2.3430","2.3308","0.14%"
"Feb 06, 2019","2.3346","2.3256","2.3354","2.3230","0.46%"
"Feb 05, 2019","2.3239","2.3190","2.3272","2.3161","0.21%"
"Feb 04, 2019","2.3190","2.3171","2.3232","2.3150","0.16%"
"Feb 02, 2019","2.3152","2.3152","2.3152","2.3152","-0.02%"
"Feb 01, 2019","2.3156","2.3173","2.3215","2.3089","-0.06%"
"Jan 31, 2019","2.3171","2.3102","2.3197","2.3039","0.27%"
"Jan 30, 2019","2.3108","2.3201","2.3268","2.3056","-0.40%"
"Jan 29, 2019","2.3201","2.3196","2.3255","2.3173","-0.02%"
"Jan 28, 2019","2.3205","2.3262","2.3300","2.3178","-0.14%"
"Jan 26, 2019","2.3237","2.3237","2.3237","2.3237","-0.07%"
"Jan 25, 2019","2.3253","2.3466","2.3481","2.3224","-0.88%"
"Jan 24, 2019","2.3460","2.3304","2.3495","2.3268","0.66%"
"Jan 23, 2019","2.3306","2.3352","2.3382","2.3270","-0.20%"
"Jan 22, 2019","2.3352","2.3338","2.3411","2.3293","0.06%"
"Jan 21, 2019","2.3337","2.3338","2.3373","2.3258","0.04%"
"Jan 19, 2019","2.3328","2.3328","2.3328","2.3328","-0.07%"
"Jan 18, 2019","2.3344","2.3268","2.3369","2.3243","0.29%"
"Jan 17, 2019","2.3276","2.3266","2.3338","2.3251","0.03%"
"Jan 16, 2019","2.3268","2.3234","2.3329","2.3215","0.12%"
"Jan 15, 2019","2.3241","2.3113","2.3309","2.3094","0.56%"
"Jan 14, 2019","2.3112","2.3142","2.3203","2.3102","-0.07%"
"Jan 12, 2019","2.3128","2.3128","2.3128","2.3128","0.00%"
"Jan 11, 2019","2.3127","2.3068","2.3154","2.2984","0.26%"
"Jan 10, 2019","2.3066","2.2984","2.3100","2.2934","0.37%"
"Jan 09, 2019","2.2982","2.3184","2.3197","2.2954","-0.87%"
"Jan 08, 2019","2.3184","2.3117","2.3228","2.3106","0.29%"
"Jan 07, 2019","2.3116","2.3294","2.3296","2.3099","-0.70%"
"Jan 04, 2019","2.3279","2.3283","2.3384","2.3228","-0.01%"
"Jan 03, 2019","2.3281","2.3386","2.3470","2.3245","-0.44%"
"Jan 02, 2019","2.3384","2.3144","2.3424","2.3077","1.05%"
"Jan 01, 2019","2.3140","2.3131","2.3220","2.2973","0.05%"
"Dec 31, 2018","2.3129","2.3192","2.3231","2.3129","-0.24%"
"Dec 28, 2018","2.3184","2.3209","2.3224","2.3114","-0.11%"
"Dec 27, 2018","2.3209","2.3367","2.3375","2.3159","-0.68%"
"Dec 26, 2018","2.3367","2.3359","2.3390","2.3234","0.09%"
"Dec 25, 2018","2.3346","2.3262","2.3351","2.3197","0.32%"
"Dec 24, 2018","2.3272","2.3340","2.3378","2.3192","-0.24%"
"Dec 21, 2018","2.3327","2.3178","2.3365","2.3119","0.64%"
"Dec 20, 2018","2.3178","2.3313","2.3332","2.3095","-0.58%"
"Dec 19, 2018","2.3314","2.3350","2.3352","2.3184","-0.14%"
"Dec 18, 2018","2.3346","2.3373","2.3409","2.3262","-0.12%"
"Dec 17, 2018","2.3375","2.3470","2.3485","2.3352","-0.33%"
"Dec 14, 2018","2.3453","2.3346","2.3548","2.3323","0.47%"
"Dec 13, 2018","2.3344","2.3331","2.3415","2.3281","0.05%"
"Dec 12, 2018","2.3333","2.3439","2.3453","2.3289","-0.45%"
"Dec 11, 2018","2.3439","2.3365","2.3464","2.3268","0.39%"
"Dec 10, 2018","2.3348","2.3262","2.3365","2.3176","0.15%"
"Dec 07, 2018","2.3312","2.3305","2.3356","2.3209","-0.03%"
"Dec 06, 2018","2.3319","2.3397","2.3445","2.3241","-0.28%"
"Dec 05, 2018","2.3384","2.3375","2.3453","2.3342","0.02%"
"Dec 04, 2018","2.3380","2.3363","2.3439","2.3226","0.06%"
"Dec 03, 2018","2.3365","2.3453","2.3453","2.3316","-0.33%"
"Nov 30, 2018","2.3443","2.3287","2.3472","2.3277","0.67%"
"Nov 29, 2018","2.3287","2.3344","2.3388","2.3274","-0.23%"
"Nov 28, 2018","2.3340","2.3493","2.3550","2.3295","-0.69%"
"Nov 27, 2018","2.3502","2.3417","2.3525","2.3384","0.35%"
"Nov 26, 2018","2.3420","2.3402","2.3436","2.3315","0.12%"
"Nov 23, 2018","2.3392","2.3253","2.3426","2.3234","0.59%"
"Nov 22, 2018","2.3254","2.3312","2.3320","2.3200","-0.20%"
"Nov 21, 2018","2.3300","2.3319","2.3344","2.3215","-0.13%"
"Nov 20, 2018","2.3331","2.3169","2.3356","2.3125","0.74%"
"Nov 19, 2018","2.3159","2.3253","2.3279","2.3127","-0.30%"
"Nov 16, 2018","2.3228","2.3415","2.3436","2.3224","-0.80%"
"Nov 15, 2018","2.3415","2.3460","2.3539","2.3345","-0.14%"
"Nov 14, 2018","2.3449","2.3487","2.3552","2.3363","-0.20%"
"Nov 13, 2018","2.3495","2.3653","2.3657","2.3483","-0.66%"
"Nov 12, 2018","2.3651","2.3420","2.3657","2.3409","1.05%"
"Nov 09, 2018","2.3405","2.3350","2.3445","2.3338","0.24%"
"Nov 08, 2018","2.3348","2.3215","2.3373","2.3173","0.56%"
"Nov 07, 2018","2.3218","2.3215","2.3293","2.3074","0.01%"
"Nov 06, 2018","2.3215","2.3258","2.3291","2.3190","-0.18%"
"Nov 05, 2018","2.3256","2.3296","2.3371","2.3219","-0.17%"
"Nov 02, 2018","2.3296","2.3258","2.3329","2.3159","0.17%"
"Nov 01, 2018","2.3256","2.3457","2.3468","2.3222","-0.86%"
"Oct 31, 2018","2.3457","2.3388","2.3478","2.3352","0.30%"
"Oct 30, 2018","2.3388","2.3327","2.3401","2.3298","0.24%"
"Oct 29, 2018","2.3331","2.3262","2.3352","2.3236","0.30%"
"Oct 26, 2018","2.3262","2.3321","2.3409","2.3230","-0.27%"
"Oct 25, 2018","2.3325","2.3287","2.3367","2.3207","0.15%"
"Oct 24, 2018","2.3289","2.3121","2.3316","2.3114","0.72%"
"Oct 23, 2018","2.3123","2.3138","2.3205","2.3077","-0.06%"
"Oct 22, 2018","2.3136","2.3060","2.3159","2.2967","0.44%"
"Oct 19, 2018","2.3035","2.3162","2.3211","2.2993","-0.54%"
"Oct 18, 2018","2.3161","2.3062","2.3169","2.3013","0.42%"
"Oct 17, 2018","2.3064","2.2919","2.3079","2.2898","0.64%"
"Oct 16, 2018","2.2918","2.2906","2.2947","2.2825","0.04%"
"Oct 15, 2018","2.2909","2.2958","2.3006","2.2857","-0.14%"
"Oct 12, 2018","2.2941","2.2883","2.2996","2.2845","0.26%"
"Oct 11, 2018","2.2881","2.3026","2.3030","2.2867","-0.64%"
"Oct 10, 2018","2.3028","2.3086","2.3119","2.2978","-0.26%"
"Oct 09, 2018","2.3087","2.3087","2.3215","2.3059","0.01%"
"Oct 08, 2018","2.3084","2.3031","2.3153","2.3001","0.28%"
"Oct 05, 2018","2.3020","2.3040","2.3101","2.2966","-0.08%"
"Oct 04, 2018","2.3039","2.3109","2.3143","2.2982","-0.32%"
"Oct 03, 2018","2.3112","2.2972","2.3142","2.2884","0.61%"
"Oct 02, 2018","2.2972","2.2906","2.3066","2.2898","0.30%"
"Oct 01, 2018","2.2904","2.2864","2.2935","2.2823","0.24%"
"Sep 28, 2018","2.2849","2.2786","2.2933","2.2767","0.28%"
"Sep 27, 2018","2.2786","2.2594","2.2793","2.2561","0.84%"
"Sep 26, 2018","2.2596","2.2543","2.2625","2.2480","0.28%"
"Sep 25, 2018","2.2533","2.2576","2.2611","2.2490","-0.20%"
"Sep 24, 2018","2.2578","2.2586","2.2633","2.2456","0.02%"
"Sep 21, 2018","2.2574","2.2515","2.2610","2.2470","0.24%"
"Sep 20, 2018","2.2521","2.2722","2.2733","2.2504","-0.88%"
"Sep 19, 2018","2.2721","2.2734","2.2772","2.2642","-0.05%"
"Sep 18, 2018","2.2733","2.2702","2.2768","2.2627","0.13%"
"Sep 17, 2018","2.2703","2.2820","2.2838","2.2670","-0.45%"
"Sep 14, 2018","2.2805","2.2674","2.2833","2.2625","0.56%"
"Sep 13, 2018","2.2679","2.2818","2.2858","2.2654","-0.60%"
"Sep 12, 2018","2.2816","2.2862","2.2933","2.2769","-0.17%"
"Sep 11, 2018","2.2854","2.2879","2.2945","2.2786","-0.11%"
"Sep 10, 2018","2.2879","2.2959","2.3022","2.2837","-0.36%"
"Sep 07, 2018","2.2961","2.2816","2.2969","2.2771","0.63%"
"Sep 06, 2018","2.2818","2.2808","2.2852","2.2749","0.05%"
"Sep 05, 2018","2.2806","2.2890","2.2981","2.2785","-0.37%"
"Sep 04, 2018","2.2891","2.2806","2.3006","2.2796","0.36%"
"Sep 03, 2018","2.2809","2.2881","2.2904","2.2799","-0.18%"
"Aug 31, 2018","2.2849","2.2717","2.2889","2.2681","0.58%"
"Aug 30, 2018","2.2718","2.2638","2.2783","2.2625","0.34%"
"Aug 29, 2018","2.2642","2.2669","2.2776","2.2638","-0.11%"
"Aug 28, 2018","2.2667","2.2700","2.2746","2.2594","-0.15%"
"Aug 27, 2018","2.2700","2.2820","2.2877","2.2667","-0.47%"
"Aug 24, 2018","2.2808","2.2981","2.2991","2.2770","-0.74%"
"Aug 23, 2018","2.2978","2.2856","2.2999","2.2849","0.52%"
"Aug 22, 2018","2.2858","2.2908","2.2957","2.2803","-0.22%"
"Aug 21, 2018","2.2909","2.3089","2.3099","2.2849","-0.80%"
"Aug 20, 2018","2.3093","2.3190","2.3277","2.3085","-0.39%"
"Aug 17, 2018","2.3184","2.3306","2.3340","2.3165","-0.52%"
"Aug 16, 2018","2.3306","2.3375","2.3401","2.3241","-0.30%"
"Aug 15, 2018","2.3375","2.3378","2.3472","2.3352","-0.01%"
"Aug 14, 2018","2.3378","2.3237","2.3409","2.3197","0.60%"
"Aug 13, 2018","2.3239","2.3300","2.3342","2.3186","0.06%"
"Aug 10, 2018","2.3226","2.2986","2.3283","2.2965","1.04%"
"Aug 09, 2018","2.2987","2.2826","2.2998","2.2787","0.74%"
"Aug 08, 2018","2.2818","2.2851","2.2885","2.2755","-0.18%"
"Aug 07, 2018","2.2859","2.2912","2.2968","2.2799","-0.22%"
"Aug 06, 2018","2.2909","2.2926","2.3003","2.2863","0.18%"
"Aug 03, 2018","2.2867","2.2855","2.2890","2.2786","0.04%"
"Aug 02, 2018","2.2857","2.2695","2.2865","2.2655","0.71%"
"Aug 01, 2018","2.2696","2.2626","2.2734","2.2600","0.32%"
"Jul 31, 2018","2.2623","2.2592","2.2682","2.2516","0.11%"
"Jul 30, 2018","2.2599","2.2767","2.2784","2.2578","-0.43%"
"Jul 27, 2018","2.2697","2.2726","2.2769","2.2682","-0.15%"
"Jul 26, 2018","2.2730","2.2560","2.2738","2.2512","0.74%"
"Jul 25, 2018","2.2563","2.2607","2.2725","2.2540","-0.22%"
"Jul 24, 2018","2.2612","2.2599","2.2694","2.2580","0.05%"
"Jul 23, 2018","2.2600","2.2633","2.2641","2.2505","0.12%"
"Jul 20, 2018","2.2572","2.2704","2.2729","2.2517","-0.63%"
"Jul 19, 2018","2.2715","2.2710","2.2906","2.2647","0.03%"
"Jul 18, 2018","2.2709","2.2649","2.2876","2.2641","0.30%"
"Jul 17, 2018","2.2642","2.2532","2.2667","2.2480","0.48%"
"Jul 16, 2018","2.2534","2.2727","2.2732","2.2502","-0.30%"
"Jul 13, 2018","2.2601","2.2628","2.2742","2.2588","-0.11%"
"Jul 12, 2018","2.2627","2.2597","2.2746","2.2565","0.17%"
"Jul 11, 2018","2.2589","2.2424","2.2640","2.2399","0.73%"
"Jul 10, 2018","2.2426","2.2428","2.2534","2.2397","0.04%"
"Jul 09, 2018","2.2418","2.2579","2.2597","2.2335","0.14%"
"Jul 06, 2018","2.2386","2.2525","2.2560","2.2356","-0.62%"
"Jul 05, 2018","2.2525","2.2590","2.2774","2.2483","-0.22%"
"Jul 04, 2018","2.2574","2.2588","2.2750","2.2517","-0.14%"
"Jul 03, 2018","2.2605","2.2636","2.2846","2.2540","-0.12%"
"Jul 02, 2018","2.2633","2.2761","2.2799","2.2614","0.12%"
"Jun 29, 2018","2.2607","2.2837","2.2883","2.2597","-1.02%"
"Jun 28, 2018","2.2839","2.2854","2.2995","2.2776","-0.06%"
"Jun 27, 2018","2.2853","2.2485","2.2906","2.2443","1.65%"
"Jun 26, 2018","2.2481","2.2422","2.2506","2.2374","0.25%"
"Jun 25, 2018","2.2426","2.2780","2.2841","2.2409","-0.89%"
"Jun 22, 2018","2.2627","2.2786","2.2808","2.2608","-0.67%"
"Jun 21, 2018","2.2780","2.2868","2.3000","2.2719","-0.37%"
"Jun 20, 2018","2.2864","2.2830","2.2973","2.2814","0.15%"
"Jun 19, 2018","2.2830","2.2777","2.2965","2.2736","0.25%"
"Jun 18, 2018","2.2774","2.2797","2.2894","2.2770","-0.10%"
"Jun 15, 2018","2.2796","2.2873","2.2929","2.2760","-0.33%"
"Jun 14, 2018","2.2871","2.2447","2.2887","2.2327","1.89%"
"Jun 13, 2018","2.2447","2.2548","2.2599","2.2428","-0.45%"
"Jun 12, 2018","2.2548","2.2466","2.2574","2.2420","0.37%"
"Jun 11, 2018","2.2466","2.2551","2.2574","2.2391","-0.13%"
"Jun 08, 2018","2.2496","2.2447","2.2578","2.2416","0.21%"
"Jun 07, 2018","2.2449","2.2487","2.2489","2.2359","-0.17%"
"Jun 06, 2018","2.2488","2.2592","2.2643","2.2456","-0.47%"
"Jun 05, 2018","2.2594","2.2624","2.2726","2.2566","-0.13%"
"Jun 04, 2018","2.2624","2.2765","2.2771","2.2551","-0.31%"
"Jun 01, 2018","2.2695","2.2641","2.2779","2.2582","0.22%"
"May 31, 2018","2.2645","2.2702","2.2746","2.2578","-0.27%"
"May 30, 2018","2.2707","2.2939","2.2997","2.2674","-1.03%"
"May 29, 2018","2.2943","2.2787","2.3017","2.2757","0.71%"
"May 28, 2018","2.2782","2.2766","2.2816","2.2583","0.22%"
"May 25, 2018","2.2731","2.2600","2.2747","2.2567","0.58%"
"May 24, 2018","2.2600","2.2640","2.2671","2.2536","-0.19%"
"May 23, 2018","2.2643","2.2490","2.2684","2.2452","0.69%"
"May 22, 2018","2.2487","2.2456","2.2548","2.2380","0.14%"
"May 21, 2018","2.2456","2.2550","2.2607","2.2447","-0.17%"
"May 18, 2018","2.2495","2.2492","2.2565","2.2423","0.06%"
"May 17, 2018","2.2481","2.2441","2.2504","2.2365","0.15%"
"May 16, 2018","2.2447","2.2405","2.2527","2.2354","0.21%"
"May 15, 2018","2.2399","2.2228","2.2432","2.2208","0.76%"
"May 14, 2018","2.2231","2.2210","2.2235","2.2104","0.12%"
"May 11, 2018","2.2205","2.2273","2.2325","2.2172","-0.22%"
"May 10, 2018","2.2254","2.2377","2.2398","2.2201","-0.59%"
"May 09, 2018","2.2386","2.2348","2.2447","2.2292","0.14%"
"May 08, 2018","2.2355","2.2254","2.2416","2.2226","0.50%"
"May 07, 2018","2.2243","2.2197","2.2302","2.2149","0.31%"
"May 04, 2018","2.2174","2.2123","2.2269","2.2109","0.23%"
"May 03, 2018","2.2123","2.2193","2.2212","2.2085","-0.32%"
"May 02, 2018","2.2193","2.2115","2.2222","2.2045","0.35%"
"May 01, 2018","2.2115","2.1957","2.2136","2.1938","0.71%"
"Apr 30, 2018","2.1959","2.1879","2.1986","2.1851","0.43%"
"Apr 27, 2018","2.1865","2.1913","2.2005","2.1860","-0.23%"
"Apr 26, 2018","2.1915","2.1810","2.1938","2.1723","0.48%"
"Apr 25, 2018","2.1810","2.1683","2.1813","2.1676","0.59%"
"Apr 24, 2018","2.1681","2.1722","2.1782","2.1660","-0.19%"
"Apr 23, 2018","2.1723","2.1591","2.1745","2.1582","0.62%"
"Apr 20, 2018","2.1589","2.1490","2.1660","2.1479","0.50%"
"Apr 19, 2018","2.1481","2.1437","2.1513","2.1391","0.21%"
"Apr 18, 2018","2.1436","2.1443","2.1498","2.1393","-0.02%"
"Apr 17, 2018","2.1441","2.1421","2.1500","2.1368","0.08%"
"Apr 16, 2018","2.1424","2.1525","2.1532","2.1403","-0.40%"
"Apr 13, 2018","2.1510","2.1517","2.1551","2.1484","-0.03%"
"Apr 12, 2018","2.1517","2.1447","2.1569","2.1431","0.34%"
"Apr 11, 2018","2.1445","2.1473","2.1482","2.1394","-0.14%"
"Apr 10, 2018","2.1474","2.1531","2.1569","2.1429","-0.24%"
"Apr 09, 2018","2.1525","2.1599","2.1630","2.1496","-0.31%"
"Apr 06, 2018","2.1591","2.1658","2.1713","2.1573","-0.36%"
"Apr 05, 2018","2.1668","2.1603","2.1717","2.1585","0.31%"
"Apr 04, 2018","2.1601","2.1613","2.1648","2.1537","-0.06%"
"Apr 03, 2018","2.1614","2.1557","2.1648","2.1502","0.26%"
"Apr 02, 2018","2.1558","2.1531","2.1595","2.1484","0.16%"
"Mar 30, 2018","2.1524","2.1561","2.1584","2.1502","-0.19%"
"Mar 29, 2018","2.1564","2.1549","2.1591","2.1498","0.07%"
"Mar 28, 2018","2.1549","2.1383","2.1576","2.1355","0.78%"
"Mar 27, 2018","2.1383","2.1316","2.1440","2.1266","0.30%"
"Mar 26, 2018","2.1319","2.1490","2.1499","2.1283","-0.72%"
"Mar 23, 2018","2.1473","2.1562","2.1566","2.1439","-0.41%"
"Mar 22, 2018","2.1562","2.1507","2.1594","2.1419","0.30%"
"Mar 21, 2018","2.1497","2.1657","2.1670","2.1475","-0.78%"
"Mar 20, 2018","2.1667","2.1505","2.1684","2.1473","0.76%"
"Mar 19, 2018","2.1504","2.1602","2.1649","2.1462","-0.37%"
"Mar 16, 2018","2.1583","2.1557","2.1636","2.1502","0.12%"
"Mar 15, 2018","2.1557","2.1446","2.1570","2.1418","0.51%"
"Mar 14, 2018","2.1448","2.1410","2.1494","2.1370","0.19%"
"Mar 13, 2018","2.1408","2.1512","2.1543","2.1379","-0.44%"
"Mar 12, 2018","2.1503","2.1551","2.1576","2.1477","-0.23%"
"Mar 09, 2018","2.1552","2.1544","2.1615","2.1505","0.04%"
"Mar 08, 2018","2.1543","2.1370","2.1568","2.1311","0.81%"
"Mar 07, 2018","2.1370","2.1383","2.1418","2.1315","-0.06%"
"Mar 06, 2018","2.1383","2.1498","2.1517","2.1359","-0.53%"
"Mar 05, 2018","2.1498","2.1528","2.1619","2.1455","-0.19%"
"Mar 02, 2018","2.1540","2.1626","2.1657","2.1505","-0.36%"
"Mar 01, 2018","2.1618","2.1751","2.1816","2.1606","-0.62%"
"Feb 28, 2018","2.1753","2.1686","2.1766","2.1671","0.32%"
"Feb 27, 2018","2.1684","2.1545","2.1707","2.1486","0.70%"
"Feb 26, 2018","2.1534","2.1569","2.1601","2.1461","-0.20%"
"Feb 23, 2018","2.1578","2.1513","2.1604","2.1498","0.30%"
"Feb 22, 2018","2.1513","2.1599","2.1639","2.1473","-0.41%"
"Feb 21, 2018","2.1601","2.1503","2.1608","2.1465","0.47%"
"Feb 20, 2018","2.1500","2.1382","2.1536","2.1372","0.56%"
"Feb 19, 2018","2.1380","2.1383","2.1446","2.1338","-0.01%"
"Feb 16, 2018","2.1382","2.1213","2.1406","2.1132","0.81%"
"Feb 15, 2018","2.1211","2.1305","2.1318","2.1202","-0.50%"
"Feb 14, 2018","2.1317","2.1484","2.1620","2.1290","-0.74%"
"Feb 13, 2018","2.1475","2.1582","2.1605","2.1442","-0.48%"
"Feb 12, 2018","2.1578","2.1643","2.1677","2.1559","-0.48%"
"Feb 09, 2018","2.1683","2.1673","2.1745","2.1599","0.11%"
"Feb 08, 2018","2.1660","2.1630","2.1725","2.1577","0.14%"
"Feb 07, 2018","2.1629","2.1429","2.1662","2.1383","0.91%"
"Feb 06, 2018","2.1435","2.1450","2.1549","2.1339","-0.08%"
"Feb 05, 2018","2.1452","2.1301","2.1460","2.1269","0.78%"
"Feb 02, 2018","2.1287","2.1195","2.1366","2.1181","0.34%"
"Feb 01, 2018","2.1214","2.1387","2.1431","2.1193","-0.67%"
"Jan 31, 2018","2.1357","2.1378","2.1406","2.1252","-0.15%"
"Jan 30, 2018","2.1389","2.1429","2.1509","2.1301","-0.20%"
"Jan 29, 2018","2.1431","2.1358","2.1506","2.1341","0.35%"
"Jan 26, 2018","2.1357","2.1402","2.1447","2.1234","-0.20%"
"Jan 25, 2018","2.1399","2.1378","2.1456","2.1158","0.09%"
"Jan 24, 2018","2.1379","2.1569","2.1589","2.1367","-0.88%"
"Jan 23, 2018","2.1569","2.1633","2.1706","2.1556","-0.34%"
"Jan 22, 2018","2.1643","2.1645","2.1731","2.1629","-0.29%"
"Jan 19, 2018","2.1706","2.1686","2.1727","2.1584","0.14%"
"Jan 18, 2018","2.1675","2.1769","2.1806","2.1627","-0.43%"
"Jan 17, 2018","2.1768","2.1635","2.1784","2.1532","0.61%"
"Jan 16, 2018","2.1636","2.1632","2.1754","2.1596","-0.02%"
"Jan 15, 2018","2.1641","2.1763","2.1785","2.1583","-0.60%"
"Jan 12, 2018","2.1772","2.2056","2.2062","2.1772","-1.25%"
"Jan 11, 2018","2.2048","2.2201","2.2237","2.1997","-0.70%"
"Jan 10, 2018","2.2203","2.2218","2.2250","2.2073","-0.08%"
"Jan 09, 2018","2.2220","2.2168","2.2269","2.2157","0.25%"
"Jan 08, 2018","2.2165","2.2054","2.2189","2.2014","0.53%"
"Jan 05, 2018","2.2048","2.1978","2.2066","2.1953","0.33%"
"Jan 04, 2018","2.1976","2.2073","2.2100","2.1936","-0.44%"
"Jan 03, 2018","2.2073","2.1995","2.2100","2.1974","0.36%"
"Jan 02, 2018","2.1993","2.2077","2.2098","2.1949","-0.35%"
"Jan 01, 2018","2.2071","2.2100","2.2100","2.2064","-0.15%"
"Dec 29, 2017","2.2104","2.2207","2.2222","2.2048","-0.50%"
"Dec 28, 2017","2.2216","2.2323","2.2323","2.2188","-0.47%"
"Dec 27, 2017","2.2321","2.2378","2.2385","2.2280","-0.21%"
"Dec 26, 2017","2.2367","2.2351","2.2388","2.2325","0.09%"
"Dec 25, 2017","2.2346","2.2388","2.2391","2.2323","-0.11%"
"Dec 22, 2017","2.2370","2.2342","2.2447","2.2334","0.12%"
"Dec 21, 2017","2.2343","2.2350","2.2394","2.2314","0.00%"
"Dec 20, 2017","2.2343","2.2402","2.2426","2.2283","-0.28%"
"Dec 19, 2017","2.2405","2.2513","2.2519","2.2384","-0.48%"
"Dec 18, 2017","2.2513","2.2563","2.2598","2.2411","-0.24%"
"Dec 15, 2017","2.2568","2.2522","2.2578","2.2457","0.20%"
"Dec 14, 2017","2.2522","2.2426","2.2538","2.2360","0.44%"
"Dec 13, 2017","2.2423","2.2593","2.2618","2.2411","-0.72%"
"Dec 12, 2017","2.2585","2.2534","2.2635","2.2489","0.23%"
"Dec 11, 2017","2.2534","2.2540","2.2555","2.2452","-0.04%"
"Dec 08, 2017","2.2542","2.2523","2.2609","2.2513","0.07%"
"Dec 07, 2017","2.2526","2.2479","2.2530","2.2448","0.21%"
"Dec 06, 2017","2.2479","2.2422","2.2512","2.2387","0.25%"
"Dec 05, 2017","2.2422","2.2344","2.2473","2.2323","0.35%"
"Dec 04, 2017","2.2344","2.2327","2.2414","2.2309","0.22%"
"Dec 01, 2017","2.2296","2.2250","2.2363","2.2199","0.19%"
"Nov 30, 2017","2.2254","2.2361","2.2449","2.2201","-0.47%"
"Nov 29, 2017","2.2359","2.2370","2.2424","2.2298","-0.04%"
"Nov 28, 2017","2.2368","2.2256","2.2396","2.2222","0.50%"
"Nov 27, 2017","2.2256","2.2243","2.2264","2.2140","0.32%"
"Nov 24, 2017","2.2186","2.2332","2.2382","2.2157","-0.68%"
"Nov 23, 2017","2.2338","2.2391","2.2448","2.2327","-0.23%"
"Nov 22, 2017","2.2389","2.2540","2.2610","2.2379","-0.71%"
"Nov 21, 2017","2.2550","2.2553","2.2666","2.2525","-0.02%"
"Nov 20, 2017","2.2554","2.2456","2.2640","2.2428","0.49%"
"Nov 17, 2017","2.2443","2.2479","2.2542","2.2416","-0.16%"
"Nov 16, 2017","2.2480","2.2435","2.2570","2.2425","0.20%"
"Nov 15, 2017","2.2435","2.2424","2.2527","2.2359","0.05%"
"Nov 14, 2017","2.2423","2.2688","2.2750","2.2421","-1.17%"
"Nov 13, 2017","2.2689","2.2742","2.2790","2.2670","-0.21%"
"Nov 10, 2017","2.2736","2.2716","2.2780","2.2687","0.06%"
"Nov 09, 2017","2.2722","2.2812","2.2905","2.2718","-0.39%"
"Nov 08, 2017","2.2812","2.2888","2.2909","2.2800","-0.34%"
"Nov 07, 2017","2.2890","2.2800","2.2971","2.2773","0.39%"
"Nov 06, 2017","2.2801","2.2855","2.2915","2.2782","-0.15%"
"Nov 03, 2017","2.2836","2.2717","2.2875","2.2642","0.56%"
"Nov 02, 2017","2.2708","2.2829","2.2833","2.2663","-0.48%"
"Nov 01, 2017","2.2817","2.2750","2.2840","2.2723","0.21%"
"Oct 31, 2017","2.2769","2.2768","2.2841","2.2742","0.03%"
"Oct 30, 2017","2.2763","2.2879","2.2898","2.2757","-0.31%"
"Oct 27, 2017","2.2834","2.2770","2.2915","2.2744","0.31%"
"Oct 26, 2017","2.2763","2.2441","2.2788","2.2392","1.41%"
"Oct 25, 2017","2.2447","2.2549","2.2584","2.2439","-0.45%"
"Oct 24, 2017","2.2548","2.2569","2.2593","2.2487","-0.11%"
"Oct 23, 2017","2.2572","2.2550","2.2628","2.2515","0.34%"
"Oct 20, 2017","2.2495","2.2363","2.2529","2.2331","0.57%"
"Oct 19, 2017","2.2368","2.2484","2.2530","2.2346","-0.58%"
"Oct 18, 2017","2.2498","2.2536","2.2623","2.2461","-0.18%"
"Oct 17, 2017","2.2539","2.2490","2.2616","2.2467","0.30%"
"Oct 16, 2017","2.2472","2.2436","2.2506","2.2405","0.20%"
"Oct 13, 2017","2.2428","2.2416","2.2462","2.2327","0.05%"
"Oct 12, 2017","2.2416","2.2360","2.2421","2.2322","0.24%"
"Oct 11, 2017","2.2363","2.2454","2.2481","2.2348","-0.43%"
"Oct 10, 2017","2.2459","2.2583","2.2587","2.2426","-0.51%"
"Oct 09, 2017","2.2575","2.2608","2.2633","2.2544","-0.11%"
"Oct 06, 2017","2.2599","2.2643","2.2725","2.2582","-0.19%"
"Oct 05, 2017","2.2641","2.2544","2.2666","2.2513","0.42%"
"Oct 04, 2017","2.2546","2.2576","2.2593","2.2489","-0.15%"
"Oct 03, 2017","2.2579","2.2608","2.2691","2.2533","-0.07%"
"Oct 02, 2017","2.2595","2.2438","2.2618","2.2436","0.67%"
"Sep 29, 2017","2.2445","2.2508","2.2534","2.2416","-0.20%"
"Sep 28, 2017","2.2490","2.2571","2.2622","2.2457","-0.35%"
"Sep 27, 2017","2.2569","2.2473","2.2620","2.2453","0.36%"
"Sep 26, 2017","2.2488","2.2385","2.2554","2.2351","0.47%"
"Sep 25, 2017","2.2382","2.2193","2.2418","2.2178","0.84%"
"Sep 22, 2017","2.2195","2.2214","2.2224","2.2094","-0.01%"
"Sep 21, 2017","2.2197","2.2290","2.2332","2.2174","-0.41%"
"Sep 20, 2017","2.2288","2.2100","2.2348","2.2029","0.85%"
"Sep 19, 2017","2.2100","2.2165","2.2180","2.2071","-0.38%"
"Sep 18, 2017","2.2185","2.2205","2.2270","2.2166","-0.10%"
"Sep 15, 2017","2.2208","2.2252","2.2283","2.2128","-0.19%"
"Sep 14, 2017","2.2250","2.2323","2.2422","2.2247","-0.30%"
"Sep 13, 2017","2.2316","2.2168","2.2347","2.2107","0.66%"
"Sep 12, 2017","2.2169","2.2197","2.2253","2.2151","-0.11%"
"Sep 11, 2017","2.2193","2.2039","2.2207","2.2035","0.71%"
"Sep 08, 2017","2.2037","2.2064","2.2079","2.1936","-0.11%"
"Sep 07, 2017","2.2062","2.2265","2.2279","2.2008","-0.89%"
"Sep 06, 2017","2.2261","2.2275","2.2292","2.2194","0.00%"
"Sep 05, 2017","2.2260","2.2288","2.2349","2.2203","-0.15%"
"Sep 04, 2017","2.2294","2.2348","2.2361","2.2247","-0.32%"
"Sep 01, 2017","2.2365","2.2271","2.2401","2.2149","0.42%"
"Aug 31, 2017","2.2271","2.2327","2.2439","2.2269","-0.23%"
"Aug 30, 2017","2.2322","2.2166","2.2333","2.2130","0.73%"
"Aug 29, 2017","2.2161","2.2144","2.2210","2.1978","0.13%"
"Aug 28, 2017","2.2133","2.2230","2.2254","2.2123","-0.49%"
"Aug 25, 2017","2.2243","2.2477","2.2546","2.2220","-1.05%"
"Aug 24, 2017","2.2480","2.2465","2.2528","2.2435","0.07%"
"Aug 23, 2017","2.2464","2.2557","2.2611","2.2452","-0.39%"
"Aug 22, 2017","2.2553","2.2443","2.2590","2.2426","0.46%"
"Aug 21, 2017","2.2449","2.2578","2.2620","2.2422","-0.47%"
"Aug 18, 2017","2.2554","2.2612","2.2644","2.2537","-0.31%"
"Aug 17, 2017","2.2624","2.2534","2.2765","2.2496","0.37%"
"Aug 16, 2017","2.2540","2.2605","2.2734","2.2532","-0.25%"
"Aug 15, 2017","2.2597","2.2508","2.2700","2.2477","0.36%"
"Aug 14, 2017","2.2515","2.2474","2.2555","2.2406","0.35%"
"Aug 11, 2017","2.2437","2.2525","2.2576","2.2384","-0.38%"
"Aug 10, 2017","2.2523","2.2538","2.2649","2.2496","-0.14%"
"Aug 09, 2017","2.2555","2.2578","2.2702","2.2536","-0.06%"
"Aug 08, 2017","2.2568","2.2480","2.2640","2.2422","0.38%"
"Aug 07, 2017","2.2483","2.2529","2.2535","2.2456","-0.16%"
"Aug 04, 2017","2.2519","2.2348","2.2622","2.2308","0.77%"
"Aug 03, 2017","2.2346","2.2367","2.2424","2.2300","-0.09%"
"Aug 02, 2017","2.2367","2.2470","2.2486","2.2272","-0.45%"
"Aug 01, 2017","2.2469","2.2404","2.2509","2.2394","0.36%"
"Jul 31, 2017","2.2388","2.2588","2.2614","2.2376","-0.79%"
"Jul 28, 2017","2.2567","2.2716","2.2726","2.2550","-0.64%"
"Jul 27, 2017","2.2713","2.2584","2.2771","2.2527","0.52%"
"Jul 26, 2017","2.2596","2.2771","2.2857","2.2582","-0.70%"
"Jul 25, 2017","2.2756","2.2777","2.2813","2.2671","-0.11%"
"Jul 24, 2017","2.2780","2.2757","2.2824","2.2698","0.20%"
"Jul 21, 2017","2.2734","2.2788","2.2805","2.2689","-0.31%"
"Jul 20, 2017","2.2805","2.3032","2.3129","2.2759","-0.99%"
"Jul 19, 2017","2.3032","2.2950","2.3053","2.2938","0.34%"
"Jul 18, 2017","2.2953","2.2986","2.3107","2.2869","-0.52%"
"Jul 17, 2017","2.3072","2.3230","2.3295","2.3064","-0.21%"
"Jul 14, 2017","2.3121","2.3281","2.3285","2.3121","-0.60%"
"Jul 13, 2017","2.3261","2.3073","2.3325","2.3055","0.39%"
"Jul 12, 2017","2.3171","2.3085","2.3312","2.3051","0.36%"
"Jul 11, 2017","2.3088","2.3361","2.3416","2.3088","-0.77%"
"Jul 10, 2017","2.3268","2.3287","2.3314","2.3241","0.03%"
"Jul 07, 2017","2.3260","2.3220","2.3317","2.3182","0.18%"
"Jul 06, 2017","2.3218","2.3360","2.3428","2.3212","-0.62%"
"Jul 05, 2017","2.3362","2.3391","2.3467","2.3316","-0.04%"
"Jul 04, 2017","2.3371","2.3312","2.3396","2.3283","0.21%"
"Jul 03, 2017","2.3323","2.3224","2.3357","2.3192","0.53%"
"Jun 30, 2017","2.3199","2.3161","2.3279","2.3144","0.09%"
"Jun 29, 2017","2.3178","2.3304","2.3316","2.3169","-0.55%"
"Jun 28, 2017","2.3306","2.3384","2.3493","2.3291","-0.33%"
"Jun 27, 2017","2.3383","2.3716","2.3743","2.3363","-1.40%"
"Jun 26, 2017","2.3716","2.3655","2.3758","2.3645","0.10%"
"Jun 23, 2017","2.3693","2.3803","2.3826","2.3678","-0.36%"
"Jun 22, 2017","2.3779","2.3733","2.3809","2.3706","0.17%"
"Jun 21, 2017","2.3739","2.3803","2.3849","2.3731","-0.29%"
"Jun 20, 2017","2.3809","2.3786","2.3862","2.3742","0.13%"
"Jun 19, 2017","2.3777","2.3683","2.3819","2.3617","0.41%"
"Jun 16, 2017","2.3679","2.3792","2.3817","2.3664","-0.47%"
"Jun 15, 2017","2.3790","2.3632","2.3836","2.3584","0.65%"
"Jun 14, 2017","2.3636","2.3571","2.3708","2.3487","-0.05%"
"Jun 13, 2017","2.3648","2.3746","2.3811","2.3642","-0.09%"
"Jun 12, 2017","2.3669","2.3716","2.3716","2.3605","-0.03%"
"Jun 09, 2017","2.3677","2.3629","2.3774","2.3575","0.22%"
"Jun 08, 2017","2.3624","2.3542","2.3734","2.3519","0.37%"
"Jun 07, 2017","2.3537","2.3534","2.3710","2.3480","0.15%"
"Jun 06, 2017","2.3502","2.3523","2.3607","2.3312","-0.20%"
"Jun 05, 2017","2.3548","2.3547","2.3644","2.3488","0.21%"
"Jun 02, 2017","2.3499","2.3667","2.3721","2.3493","-0.62%"
"Jun 01, 2017","2.3646","2.3589","2.3696","2.3543","0.25%"
"May 31, 2017","2.3587","2.3715","2.3775","2.3569","-0.52%"
"May 30, 2017","2.3711","2.3735","2.3886","2.3661","-0.15%"
"May 29, 2017","2.3747","2.3750","2.3782","2.3689","0.12%"
"May 26, 2017","2.3718","2.3689","2.3801","2.3630","0.24%"
"May 25, 2017","2.3662","2.3617","2.3703","2.3551","0.13%"
"May 24, 2017","2.3632","2.3712","2.3781","2.3627","-0.32%"
"May 23, 2017","2.3708","2.3597","2.3768","2.3556","0.47%"
"May 22, 2017","2.3596","2.3706","2.3794","2.3575","-0.28%"
"May 19, 2017","2.3662","2.3906","2.3929","2.3660","-0.94%"
"May 18, 2017","2.3887","2.3796","2.3960","2.3723","0.50%"
"May 17, 2017","2.3769","2.3914","2.3937","2.3758","-0.70%"
"May 16, 2017","2.3936","2.4187","2.4190","2.3915","-0.96%"
"May 15, 2017","2.4167","2.4276","2.4285","2.4123","-0.40%"
"May 12, 2017","2.4264","2.4434","2.4453","2.4257","-0.63%"
"May 11, 2017","2.4419","2.4400","2.4470","2.4346","0.06%"
"May 10, 2017","2.4405","2.4383","2.4441","2.4314","0.03%"
"May 09, 2017","2.4398","2.4291","2.4432","2.4230","0.45%"
"May 08, 2017","2.4289","2.4082","2.4301","2.4026","0.71%"
"May 05, 2017","2.4118","2.4164","2.4252","2.4112","-0.12%"
"May 04, 2017","2.4147","2.4362","2.4391","2.4121","-0.94%"
"May 03, 2017","2.4377","2.4278","2.4394","2.4223","0.42%"
"May 02, 2017","2.4276","2.4356","2.4381","2.4263","-0.25%"
"May 01, 2017","2.4337","2.4318","2.4370","2.4259","-0.05%"
"Apr 28, 2017","2.4348","2.4428","2.4474","2.4270","-0.23%"
"Apr 27, 2017","2.4405","2.4339","2.4460","2.4253","0.32%"
"Apr 26, 2017","2.4326","2.4272","2.4431","2.4184","0.21%"
"Apr 25, 2017","2.4276","2.4389","2.4433","2.4221","-0.54%"
"Apr 24, 2017","2.4409","2.4301","2.4512","2.4226","-1.27%"
"Apr 21, 2017","2.4724","2.4759","2.4860","2.4720","-0.12%"
"Apr 20, 2017","2.4754","2.4764","2.4781","2.4621","-0.07%"
"Apr 19, 2017","2.4771","2.4726","2.4802","2.4676","0.18%"
"Apr 18, 2017","2.4727","2.4938","2.4947","2.4717","-0.82%"
"Apr 17, 2017","2.4931","2.5006","2.5032","2.4857","-0.26%"
"Apr 14, 2017","2.4996","2.5027","2.5053","2.4962","-0.02%"
"Apr 13, 2017","2.5000","2.4880","2.5017","2.4810","0.48%"
"Apr 12, 2017","2.4881","2.5029","2.5049","2.4841","-0.60%"
"Apr 11, 2017","2.5030","2.5034","2.5088","2.4949","-0.04%"
"Apr 10, 2017","2.5041","2.5063","2.5119","2.5013","0.06%"
"Apr 07, 2017","2.5025","2.4903","2.5124","2.4886","0.51%"
"Apr 06, 2017","2.4899","2.4928","2.5004","2.4830","0.09%"
"Apr 05, 2017","2.4876","2.4785","2.4939","2.4755","0.16%"
"Apr 04, 2017","2.4836","2.4848","2.4983","2.4825","-0.06%"
"Apr 03, 2017","2.4851","2.4906","2.4964","2.4823","-0.15%"
"Mar 31, 2017","2.4889","2.4859","2.4926","2.4817","0.20%"
"Mar 30, 2017","2.4840","2.4646","2.4876","2.4615","0.84%"
"Mar 29, 2017","2.4634","2.4533","2.4721","2.4474","0.41%"
"Mar 28, 2017","2.4533","2.4421","2.4585","2.4377","0.46%"
"Mar 27, 2017","2.4421","2.4588","2.4588","2.4341","-0.58%"
"Mar 24, 2017","2.4564","2.4634","2.4701","2.4550","-0.17%"
"Mar 23, 2017","2.4606","2.4581","2.4651","2.4541","0.12%"
"Mar 22, 2017","2.4577","2.4550","2.4630","2.4482","0.17%"
"Mar 21, 2017","2.4535","2.4693","2.4735","2.4503","-0.70%"
"Mar 20, 2017","2.4709","2.4671","2.4747","2.4609","0.03%"
"Mar 17, 2017","2.4702","2.4652","2.4756","2.4595","0.23%"
"Mar 16, 2017","2.4645","2.4722","2.4795","2.4632","-0.31%"
"Mar 15, 2017","2.4721","2.5030","2.5034","2.4707","-1.17%"
"Mar 14, 2017","2.5013","2.4899","2.5025","2.4836","0.41%"
"Mar 13, 2017","2.4910","2.4859","2.4914","2.4750","0.27%"
"Mar 10, 2017","2.4844","2.5057","2.5120","2.4804","-0.91%"
"Mar 09, 2017","2.5072","2.5183","2.5253","2.5034","-0.35%"
"Mar 08, 2017","2.5160","2.5086","2.5210","2.5065","0.23%"
"Mar 07, 2017","2.5103","2.5111","2.5174","2.5040","0.16%"
"Mar 06, 2017","2.5064","2.4991","2.5088","2.4932","0.44%"
"Mar 03, 2017","2.4955","2.5233","2.5292","2.4953","-1.09%"
"Mar 02, 2017","2.5231","2.5149","2.5316","2.5111","0.39%"
"Mar 01, 2017","2.5133","2.5063","2.5257","2.5029","0.28%"
"Feb 28, 2017","2.5063","2.5046","2.5112","2.4966","0.03%"
"Feb 27, 2017","2.5055","2.5137","2.5164","2.4975","-0.22%"
"Feb 24, 2017","2.5111","2.5006","2.5130","2.4971","0.24%"
"Feb 23, 2017","2.5051","2.5107","2.5223","2.5050","-0.25%"
"Feb 22, 2017","2.5114","2.5170","2.5328","2.5101","-0.22%"
"Feb 21, 2017","2.5170","2.5000","2.5244","2.4981","0.71%"
"Feb 20, 2017","2.4992","2.5021","2.5051","2.4930","0.01%"
"Feb 17, 2017","2.4989","2.4829","2.5016","2.4797","0.56%"
"Feb 16, 2017","2.4851","2.4998","2.5055","2.4844","-0.68%"
"Feb 15, 2017","2.5022","2.5079","2.5263","2.5022","-0.23%"
"Feb 14, 2017","2.5080","2.5036","2.5166","2.4987","0.18%"
"Feb 13, 2017","2.5034","2.4982","2.5091","2.4929","0.39%"
"Feb 10, 2017","2.4936","2.4901","2.5008","2.4834","0.18%"
"Feb 09, 2017","2.4891","2.4764","2.4919","2.4750","0.36%"
"Feb 08, 2017","2.4801","2.4861","2.4980","2.4789","-0.14%"
"Feb 07, 2017","2.4835","2.4686","2.4926","2.4656","0.62%"
"Feb 06, 2017","2.4682","2.4613","2.4811","2.4564","0.35%"
"Feb 03, 2017","2.4597","2.4619","2.4764","2.4566","-0.24%"
"Feb 02, 2017","2.4655","2.4646","2.4702","2.4525","0.10%"
"Feb 01, 2017","2.4631","2.4562","2.4745","2.4526","0.22%"
"Jan 31, 2017","2.4577","2.4821","2.4878","2.4573","-0.95%"
"Jan 30, 2017","2.4813","2.4840","2.5010","2.4678","0.08%"
"Jan 27, 2017","2.4793","2.4790","2.4900","2.4722","-0.15%"
"Jan 26, 2017","2.4830","2.4714","2.4931","2.4640","0.61%"
"Jan 25, 2017","2.4680","2.4716","2.4794","2.4656","-0.17%"
"Jan 24, 2017","2.4722","2.4636","2.4777","2.4604","0.30%"
"Jan 23, 2017","2.4648","2.4856","2.4865","2.4645","-0.54%"
"Jan 20, 2017","2.4781","2.4833","2.4973","2.4759","-0.37%"
"Jan 19, 2017","2.4872","2.4958","2.5090","2.4865","-0.35%"
"Jan 18, 2017","2.4960","2.4752","2.5006","2.4728","0.82%"
"Jan 17, 2017","2.4758","2.5059","2.5072","2.4752","-1.03%"
"Jan 16, 2017","2.5015","2.4996","2.5088","2.4907","0.39%"
"Jan 13, 2017","2.4918","2.4970","2.5037","2.4854","-0.30%"
"Jan 12, 2017","2.4992","2.5053","2.5099","2.4855","-0.32%"
"Jan 11, 2017","2.5072","2.5147","2.5419","2.4998","-0.23%"
"Jan 10, 2017","2.5130","2.5088","2.5166","2.4949","0.14%"
"Jan 09, 2017","2.5095","2.5208","2.5280","2.5087","-0.34%"
"Jan 06, 2017","2.5181","2.4955","2.5193","2.4945","0.70%"
"Jan 05, 2017","2.5006","2.5302","2.5361","2.5006","-1.15%"
"Jan 04, 2017","2.5297","2.5514","2.5555","2.5292","-0.80%"
"Jan 03, 2017","2.5501","2.5354","2.5678","2.5274","0.56%"
"Jan 02, 2017","2.5360","2.5236","2.5415","2.5183","0.50%"
"Dec 30, 2016","2.5234","2.5263","2.5290","2.4872","-0.24%"
"Dec 29, 2016","2.5294","2.5478","2.5514","2.5289","-0.74%"
"Dec 28, 2016","2.5482","2.5377","2.5600","2.5320","0.41%"
"Dec 27, 2016","2.5377","2.5412","2.5469","2.5351","0.05%"
"Dec 26, 2016","2.5364","2.5379","2.5412","2.5328","0.00%"
"Dec 23, 2016","2.5364","2.5417","2.5444","2.5334","-0.26%"
"Dec 22, 2016","2.5429","2.5425","2.5448","2.5253","-0.06%"
"Dec 21, 2016","2.5443","2.5531","2.5562","2.5385","-0.40%"
"Dec 20, 2016","2.5546","2.5523","2.5669","2.5458","0.15%"
"Dec 19, 2016","2.5509","2.5410","2.5558","2.5311","0.46%"
"Dec 16, 2016","2.5392","2.5464","2.5526","2.5342","-0.35%"
"Dec 15, 2016","2.5482","2.5177","2.5621","2.5145","1.18%"
"Dec 14, 2016","2.5185","2.4986","2.5316","2.4895","0.86%"
"Dec 13, 2016","2.4971","2.4954","2.5046","2.4882","0.11%"
"Dec 12, 2016","2.4943","2.5141","2.5204","2.4912","-0.72%"
"Dec 09, 2016","2.5125","2.4991","2.5209","2.4936","0.51%"
"Dec 08, 2016","2.4998","2.4691","2.5053","2.4417","1.30%"
"Dec 07, 2016","2.4678","2.4764","2.4785","2.4628","-0.28%"
"Dec 06, 2016","2.4747","2.4630","2.4800","2.4583","0.38%"
"Dec 05, 2016","2.4653","2.4865","2.5274","2.4593","-0.83%"
"Dec 02, 2016","2.4859","2.4844","2.4987","2.4781","-0.08%"
"Dec 01, 2016","2.4878","2.5046","2.5105","2.4872","-0.72%"
"Nov 30, 2016","2.5059","2.4918","2.5168","2.4874","0.57%"
"Nov 29, 2016","2.4918","2.4998","2.5149","2.4909","-0.28%"
"Nov 28, 2016","2.4987","2.5034","2.5139","2.4808","-0.26%"
"Nov 25, 2016","2.5053","2.5120","2.5128","2.4937","-0.31%"
"Nov 24, 2016","2.5132","2.5122","2.5232","2.5065","0.01%"
"Nov 23, 2016","2.5129","2.4955","2.5227","2.4917","0.64%"
"Nov 22, 2016","2.4970","2.4944","2.5083","2.4897","0.07%"
"Nov 21, 2016","2.4953","2.5088","2.5116","2.4946","-0.42%"
"Nov 18, 2016","2.5059","2.4949","2.5120","2.4916","0.35%"
"Nov 17, 2016","2.4971","2.4821","2.5023","2.4722","0.60%"
"Nov 16, 2016","2.4821","2.4750","2.4909","2.4642","0.33%"
"Nov 15, 2016","2.4739","2.4721","2.4787","2.4545","0.10%"
"Nov 14, 2016","2.4714","2.4453","2.4783","2.4453","1.15%"
"Nov 11, 2016","2.4433","2.4350","2.4503","2.4257","0.32%"
"Nov 10, 2016","2.4354","2.4310","2.4442","2.4190","0.13%"
"Nov 09, 2016","2.4322","2.4082","2.4362","2.3506","1.07%"
"Nov 08, 2016","2.4065","2.4030","2.4118","2.3980","0.15%"
"Nov 07, 2016","2.4030","2.3847","2.4089","2.3840","0.95%"
"Nov 04, 2016","2.3803","2.3897","2.3983","2.3795","-0.32%"
"Nov 03, 2016","2.3880","2.3897","2.4015","2.3817","-0.08%"
"Nov 02, 2016","2.3899","2.3986","2.4015","2.3855","-0.37%"
"Nov 01, 2016","2.3988","2.4184","2.4228","2.3984","-0.69%"
"Oct 31, 2016","2.4154","2.4139","2.4253","2.4089","0.05%"
"Oct 28, 2016","2.4141","2.4350","2.4371","2.4135","-0.83%"
"Oct 27, 2016","2.4343","2.4322","2.4381","2.4245","0.09%"
"Oct 26, 2016","2.4320","2.4373","2.4390","2.4249","-0.20%"
"Oct 25, 2016","2.4369","2.4392","2.4461","2.4314","-0.07%"
"Oct 24, 2016","2.4385","2.4369","2.4423","2.4320","0.04%"
"Oct 21, 2016","2.4375","2.4287","2.4457","2.4242","0.42%"
"Oct 20, 2016","2.4274","2.4186","2.4301","2.4040","0.43%"
"Oct 19, 2016","2.4169","2.4146","2.4205","2.4064","0.03%"
"Oct 18, 2016","2.4161","2.4124","2.4196","2.4017","0.21%"
"Oct 17, 2016","2.4110","2.4169","2.4188","2.4087","-0.31%"
"Oct 14, 2016","2.4186","2.3981","2.4202","2.3927","0.79%"
"Oct 13, 2016","2.3997","2.4097","2.4167","2.3970","-0.43%"
"Oct 12, 2016","2.4101","2.3995","2.4116","2.3908","0.40%"
"Oct 11, 2016","2.4005","2.3798","2.4009","2.3741","0.82%"
"Oct 10, 2016","2.3809","2.3635","2.3826","2.3618","0.55%"
"Oct 07, 2016","2.3679","2.3771","2.3905","2.3648","-0.49%"
"Oct 06, 2016","2.3795","2.3665","2.3822","2.3603","0.53%"
"Oct 05, 2016","2.3670","2.3657","2.3710","2.3571","-0.03%"
"Oct 04, 2016","2.3678","2.3653","2.3834","2.3577","0.08%"
"Oct 03, 2016","2.3659","2.3567","2.3672","2.3546","0.23%"
"Sep 30, 2016","2.3605","2.3625","2.3828","2.3546","-0.16%"
"Sep 29, 2016","2.3642","2.3641","2.3709","2.3558","-0.03%"
"Sep 28, 2016","2.3649","2.3635","2.3726","2.3586","-0.04%"
"Sep 27, 2016","2.3659","2.3575","2.3723","2.3519","0.34%"
"Sep 26, 2016","2.3579","2.3607","2.3643","2.3510","-0.20%"
"Sep 23, 2016","2.3626","2.3643","2.3716","2.3573","-0.19%"
"Sep 22, 2016","2.3670","2.3676","2.3727","2.3552","-0.18%"
"Sep 21, 2016","2.3712","2.3763","2.3876","2.3666","-0.31%"
"Sep 20, 2016","2.3786","2.3740","2.3803","2.3650","0.17%"
"Sep 19, 2016","2.3746","2.3758","2.3794","2.3664","-0.16%"
"Sep 16, 2016","2.3784","2.3575","2.3798","2.3525","0.78%"
"Sep 15, 2016","2.3599","2.3562","2.3653","2.3497","0.06%"
"Sep 14, 2016","2.3586","2.3642","2.3684","2.3522","-0.27%"
"Sep 13, 2016","2.3649","2.3601","2.3681","2.3540","0.11%"
"Sep 12, 2016","2.3622","2.3572","2.3676","2.3525","0.02%"
"Sep 09, 2016","2.3618","2.3533","2.3735","2.3457","0.26%"
"Sep 08, 2016","2.3557","2.3577","2.3618","2.3410","-0.17%"
"Sep 07, 2016","2.3598","2.3551","2.3645","2.3511","0.11%"
"Sep 06, 2016","2.3573","2.3787","2.3834","2.3530","-0.95%"
"Sep 05, 2016","2.3798","2.3771","2.3813","2.3696","0.05%"
"Sep 02, 2016","2.3786","2.3632","2.3820","2.3567","0.46%"
"Sep 01, 2016","2.3676","2.3746","2.3875","2.3618","-0.39%"
"Aug 31, 2016","2.3769","2.3749","2.3868","2.3713","-0.09%"
"Aug 30, 2016","2.3790","2.3708","2.3843","2.3689","0.31%"
"Aug 29, 2016","2.3716","2.3688","2.3771","2.3618","0.12%"
"Aug 26, 2016","2.3687","2.3482","2.3773","2.3337","0.75%"
"Aug 25, 2016","2.3510","2.3529","2.3582","2.3463","-0.19%"
"Aug 24, 2016","2.3554","2.3442","2.3608","2.3397","0.36%"
"Aug 23, 2016","2.3470","2.3420","2.3490","2.3345","0.12%"
"Aug 22, 2016","2.3443","2.3459","2.3550","2.3358","0.06%"
"Aug 19, 2016","2.3429","2.3351","2.3479","2.3298","0.25%"
"Aug 18, 2016","2.3371","2.3477","2.3519","2.3327","-0.57%"
"Aug 17, 2016","2.3506","2.3511","2.3612","2.3429","-0.04%"
"Aug 16, 2016","2.3516","2.3719","2.3729","2.3419","-0.89%"
"Aug 15, 2016","2.3727","2.3749","2.3777","2.3653","-0.16%"
"Aug 12, 2016","2.3765","2.3791","2.3839","2.3628","-0.23%"
"Aug 11, 2016","2.3820","2.3713","2.3842","2.3644","0.34%"
"Aug 10, 2016","2.3739","2.3853","2.3902","2.3660","-0.49%"
"Aug 09, 2016","2.3855","2.3902","2.3967","2.3828","-0.19%"
"Aug 08, 2016","2.3901","2.3918","2.3967","2.3811","-0.07%"
"Aug 05, 2016","2.3918","2.3815","2.4002","2.3731","0.39%"
"Aug 04, 2016","2.3824","2.3770","2.3866","2.3700","0.18%"
"Aug 03, 2016","2.3782","2.3613","2.3798","2.3550","0.66%"
"Aug 02, 2016","2.3626","2.3756","2.3794","2.3574","-0.58%"
"Aug 01, 2016","2.3763","2.3714","2.3779","2.3651","0.15%"
"Jul 29, 2016","2.3728","2.3922","2.3977","2.3637","-0.93%"
"Jul 28, 2016","2.3951","2.3966","2.4007","2.3841","-0.09%"
"Jul 27, 2016","2.3973","2.4099","2.4190","2.3949","-0.63%"
"Jul 26, 2016","2.4125","2.4089","2.4160","2.4027","0.04%"
"Jul 25, 2016","2.4116","2.4169","2.4238","2.4084","-0.14%"
"Jul 22, 2016","2.4150","2.4028","2.4194","2.3969","0.44%"
"Jul 21, 2016","2.4045","2.4060","2.4116","2.3937","-0.08%"
"Jul 20, 2016","2.4064","2.4029","2.4158","2.3973","0.11%"
"Jul 19, 2016","2.4038","2.3910","2.4074","2.3864","0.43%"
"Jul 18, 2016","2.3935","2.3990","2.4025","2.3868","-0.35%"
"Jul 15, 2016","2.4019","2.3807","2.4045","2.3737","0.78%"
"Jul 14, 2016","2.3832","2.3875","2.3941","2.3722","-0.29%"
"Jul 13, 2016","2.3902","2.3951","2.4017","2.3801","-0.25%"
"Jul 12, 2016","2.3962","2.3958","2.3984","2.3811","-0.01%"
"Jul 11, 2016","2.3965","2.3983","2.4072","2.3918","-0.08%"
"Jul 08, 2016","2.3985","2.3964","2.4107","2.3817","0.07%"
"Jul 07, 2016","2.3968","2.3878","2.3986","2.3806","0.33%"
"Jul 06, 2016","2.3889","2.3917","2.4024","2.3839","-0.15%"
"Jul 05, 2016","2.3925","2.3766","2.3955","2.3685","0.62%"
"Jul 04, 2016","2.3777","2.3795","2.3889","2.3727","-0.08%"
"Jul 01, 2016","2.3797","2.3865","2.3944","2.3696","-0.32%"
"Jun 30, 2016","2.3873","2.3827","2.4036","2.3763","0.16%"
"Jun 29, 2016","2.3834","2.3948","2.4002","2.3804","-0.49%"
"Jun 28, 2016","2.3952","2.4046","2.4068","2.3845","-0.42%"
"Jun 27, 2016","2.4053","2.3920","2.4173","2.3797","0.83%"
"Jun 24, 2016","2.3856","2.3277","2.4340","2.3185","2.45%"
"Jun 23, 2016","2.3285","2.3474","2.3489","2.3211","-0.84%"
"Jun 22, 2016","2.3483","2.3575","2.3603","2.3380","-0.48%"
"Jun 21, 2016","2.3596","2.3427","2.3596","2.3326","0.68%"
"Jun 20, 2016","2.3437","2.3502","2.3512","2.3257","-0.37%"
"Jun 17, 2016","2.3523","2.3617","2.3638","2.3468","-0.42%"
"Jun 16, 2016","2.3622","2.3540","2.3830","2.3451","0.26%"
"Jun 15, 2016","2.3561","2.3646","2.3704","2.3461","-0.46%"
"Jun 14, 2016","2.3670","2.3494","2.3700","2.3424","0.74%"
"Jun 13, 2016","2.3497","2.3566","2.3615","2.3436","-0.32%"
"Jun 10, 2016","2.3573","2.3428","2.3634","2.3370","0.54%"
"Jun 09, 2016","2.3447","2.3255","2.3476","2.3184","0.70%"
"Jun 08, 2016","2.3285","2.3346","2.3373","2.3236","-0.29%"
"Jun 07, 2016","2.3352","2.3362","2.3396","2.3282","-0.07%"
"Jun 06, 2016","2.3369","2.3311","2.3424","2.3266","0.12%"
"Jun 03, 2016","2.3342","2.3783","2.3834","2.3299","-1.91%"
"Jun 02, 2016","2.3797","2.3701","2.3810","2.3601","0.39%"
"Jun 01, 2016","2.3705","2.3812","2.3864","2.3682","-0.54%"
"May 31, 2016","2.3834","2.3801","2.3870","2.3720","0.16%"
"May 30, 2016","2.3796","2.3844","2.3904","2.3784","-0.28%"
"May 27, 2016","2.3862","2.3688","2.3893","2.3629","0.70%"
"May 26, 2016","2.3695","2.3781","2.3814","2.3641","-0.39%"
"May 25, 2016","2.3788","2.3811","2.3836","2.3718","-0.12%"
"May 24, 2016","2.3817","2.3640","2.3828","2.3587","0.70%"
"May 23, 2016","2.3651","2.3641","2.3714","2.3538","0.07%"
"May 20, 2016","2.3634","2.3667","2.3704","2.3581","-0.22%"
"May 19, 2016","2.3685","2.3640","2.3735","2.3569","0.16%"
"May 18, 2016","2.3646","2.3445","2.3662","2.3389","0.82%"
"May 17, 2016","2.3453","2.3431","2.3470","2.3355","0.04%"
"May 16, 2016","2.3443","2.3444","2.3474","2.3376","-0.06%"
"May 13, 2016","2.3457","2.3309","2.3504","2.3258","0.61%"
"May 12, 2016","2.3314","2.3217","2.3335","2.3157","0.37%"
"May 11, 2016","2.3228","2.3319","2.3334","2.3148","-0.46%"
"May 10, 2016","2.3335","2.3305","2.3372","2.3225","0.10%"
"May 09, 2016","2.3312","2.3214","2.3319","2.3202","0.20%"
"May 06, 2016","2.3266","2.3235","2.3344","2.3098","0.00%"
"May 05, 2016","2.3266","2.3090","2.3295","2.3026","0.72%"
"May 04, 2016","2.3100","2.3064","2.3135","2.2998","0.13%"
"May 03, 2016","2.3070","2.3000","2.3075","2.2831","0.27%"
"May 02, 2016","2.3008","2.3170","2.3178","2.2976","-0.68%"
"Apr 29, 2016","2.3165","2.3373","2.3393","2.3127","-0.91%"
"Apr 28, 2016","2.3377","2.3422","2.3447","2.3330","-0.23%"
"Apr 27, 2016","2.3431","2.3478","2.3535","2.3342","-0.24%"
"Apr 26, 2016","2.3487","2.3535","2.3565","2.3354","-0.22%"
"Apr 25, 2016","2.3538","2.3614","2.3649","2.3495","-0.35%"
"Apr 22, 2016","2.3620","2.3495","2.3679","2.3402","0.52%"
"Apr 21, 2016","2.3498","2.3471","2.3519","2.3263","0.04%"
"Apr 20, 2016","2.3489","2.3349","2.3506","2.3271","0.59%"
"Apr 19, 2016","2.3352","2.3436","2.3458","2.3292","-0.44%"
"Apr 18, 2016","2.3455","2.3474","2.3540","2.3382","-0.27%"
"Apr 15, 2016","2.3518","2.3530","2.3616","2.3411","-0.13%"
"Apr 14, 2016","2.3548","2.3507","2.3625","2.3447","0.07%"
"Apr 13, 2016","2.3531","2.3282","2.3548","2.3230","0.98%"
"Apr 12, 2016","2.3303","2.3239","2.3379","2.3131","0.23%"
"Apr 11, 2016","2.3249","2.3246","2.3322","2.3149","-0.06%"
"Apr 08, 2016","2.3262","2.3306","2.3384","2.3220","-0.22%"
"Apr 07, 2016","2.3314","2.3259","2.3396","2.3153","0.20%"
"Apr 06, 2016","2.3267","2.3293","2.3418","2.3194","-0.14%"
"Apr 05, 2016","2.3299","2.3277","2.3397","2.3206","0.07%"
"Apr 04, 2016","2.3283","2.3274","2.3356","2.3190","-0.05%"
"Apr 01, 2016","2.3295","2.3298","2.3439","2.3185","-0.10%"
"Mar 31, 2016","2.3319","2.3389","2.3468","2.3222","-0.32%"
"Mar 30, 2016","2.3394","2.3473","2.3516","2.3316","-0.43%"
"Mar 29, 2016","2.3495","2.3668","2.3760","2.3456","-0.84%"
"Mar 28, 2016","2.3693","2.3741","2.3790","2.3633","-0.26%"
"Mar 25, 2016","2.3754","2.3726","2.3780","2.3664","0.03%"
"Mar 24, 2016","2.3747","2.3702","2.3814","2.3660","0.11%"
"Mar 23, 2016","2.3721","2.3637","2.3785","2.3576","0.32%"
"Mar 22, 2016","2.3645","2.3582","2.3697","2.3504","0.22%"
"Mar 21, 2016","2.3594","2.3528","2.3611","2.3454","0.25%"
"Mar 18, 2016","2.3534","2.3428","2.3579","2.3346","0.44%"
"Mar 17, 2016","2.3432","2.3625","2.3662","2.3378","-0.83%"
"Mar 16, 2016","2.3628","2.3871","2.3992","2.3587","-1.04%"
"Mar 15, 2016","2.3877","2.3872","2.3948","2.3810","-0.05%"
"Mar 14, 2016","2.3889","2.3733","2.3965","2.3682","0.39%"
"Mar 11, 2016","2.3797","2.3722","2.3962","2.3611","0.28%"
"Mar 10, 2016","2.3731","2.4080","2.4508","2.3638","-1.56%"
"Mar 09, 2016","2.4107","2.4092","2.4254","2.4030","0.02%"
"Mar 08, 2016","2.4101","2.4035","2.4125","2.3972","0.06%"
"Mar 07, 2016","2.4086","2.4039","2.4290","2.4029","-0.07%"
"Mar 04, 2016","2.4104","2.4162","2.4331","2.3991","-0.41%"
"Mar 03, 2016","2.4204","2.4362","2.4484","2.4156","-0.84%"
"Mar 02, 2016","2.4408","2.4362","2.4516","2.4327","-0.00%"
"Mar 01, 2016","2.4409","2.4354","2.4527","2.4308","0.02%"
"Feb 29, 2016","2.4405","2.4211","2.4457","2.4191","0.60%"
"Feb 26, 2016","2.4260","2.4032","2.4316","2.3913","0.77%"
"Feb 25, 2016","2.4074","2.4047","2.4188","2.3989","-0.10%"
"Feb 24, 2016","2.4097","2.4044","2.4240","2.3990","0.08%"
"Feb 23, 2016","2.4077","2.4035","2.4166","2.3950","0.09%"
"Feb 22, 2016","2.4055","2.3823","2.4118","2.3784","1.01%"
"Feb 19, 2016","2.3815","2.3840","2.3963","2.3780","-0.30%"
"Feb 18, 2016","2.3886","2.3788","2.3982","2.3743","0.19%"
"Feb 17, 2016","2.3840","2.3752","2.3908","2.3711","0.15%"
"Feb 16, 2016","2.3805","2.3719","2.3889","2.3658","0.13%"
"Feb 15, 2016","2.3773","2.3560","2.3859","2.3514","0.95%"
"Feb 12, 2016","2.3550","2.3365","2.3651","2.3345","0.52%"
"Feb 11, 2016","2.3428","2.3470","2.3568","2.3303","-0.26%"
"Feb 10, 2016","2.3488","2.3440","2.3775","2.3391","-0.01%"
"Feb 09, 2016","2.3491","2.3661","2.3799","2.3381","-0.83%"
"Feb 08, 2016","2.3688","2.3715","2.3939","2.3615","-0.32%"
"Feb 05, 2016","2.3764","2.3624","2.3855","2.3571","0.44%"
"Feb 04, 2016","2.3660","2.3912","2.3996","2.3583","-1.08%"
"Feb 03, 2016","2.3918","2.4293","2.4321","2.3822","-1.59%"
"Feb 02, 2016","2.4304","2.4361","2.4379","2.4217","-0.36%"
"Feb 01, 2016","2.4392","2.4403","2.4537","2.4289","-0.45%"
"Jan 29, 2016","2.4502","2.4245","2.4565","2.4173","0.92%"
"Jan 28, 2016","2.4279","2.4321","2.4427","2.4175","-0.37%"
"Jan 27, 2016","2.4369","2.4373","2.4505","2.4287","-0.20%"
"Jan 26, 2016","2.4417","2.4474","2.4570","2.4368","-0.26%"
"Jan 25, 2016","2.4480","2.4557","2.4616","2.4421","-0.48%"
"Jan 22, 2016","2.4598","2.4386","2.4619","2.4348","0.72%"
"Jan 21, 2016","2.4423","2.4307","2.4663","2.4271","0.28%"
"Jan 20, 2016","2.4354","2.4280","2.4426","2.4151","0.11%"
"Jan 19, 2016","2.4327","2.4313","2.4481","2.4251","-0.08%"
"Jan 18, 2016","2.4347","2.4250","2.4468","2.4199","0.08%"
"Jan 15, 2016","2.4328","2.4367","2.4432","2.4118","-0.34%"
"Jan 14, 2016","2.4411","2.4376","2.4522","2.4218","-0.02%"
"Jan 13, 2016","2.4417","2.4413","2.4606","2.4361","-0.18%"
"Jan 12, 2016","2.4460","2.4436","2.4587","2.4312","0.07%"
"Jan 11, 2016","2.4442","2.4224","2.4465","2.4122","0.61%"
"Jan 08, 2016","2.4295","2.4215","2.4535","2.4188","0.22%"
"Jan 07, 2016","2.4242","2.4567","2.4651","2.4209","-1.52%"
"Jan 06, 2016","2.4615","2.4641","2.4787","2.4561","-0.24%"
"Jan 05, 2016","2.4675","2.4455","2.4795","2.4411","0.77%"
"Jan 04, 2016","2.4487","2.4390","2.4632","2.4215","0.19%"
"Jan 01, 2016","2.4441","2.4439","2.4515","2.4387","-0.11%"
"Dec 31, 2015","2.4468","2.4269","2.4516","2.4218","0.67%"