"Date","Price","Open","High","Low","Vol.","Change %"
"Dec 31, 2019","242.13","241.24","243.93","241.13","17.36M","0.14%"
"Dec 30, 2019","241.78","243.51","243.83","241.56","16.87M","-0.88%"
"Dec 27, 2019","243.93","245.13","245.29","243.34","19.08M","-0.25%"
"Dec 26, 2019","244.55","245.34","245.89","242.29","20.79M","-0.03%"
"Dec 24, 2019","244.62","245.22","246.85","244.25","11.05M","-0.05%"
"Dec 23, 2019","244.75","244.66","245.56","243.84","20.46M","-0.08%"
"Dec 20, 2019","244.95","245.96","247.13","243.29","58.40M","-0.09%"
"Dec 19, 2019","245.17","247.53","247.99","244.90","19.59M","-0.83%"
"Dec 18, 2019","247.23","247.36","247.73","244.74","17.74M","-0.11%"
"Dec 17, 2019","247.49","243.26","247.97","243.21","21.20M","1.80%"
"Dec 16, 2019","243.11","248.37","248.80","242.86","29.13M","-1.55%"
"Dec 13, 2019","246.95","251.56","252.77","246.35","21.13M","-2.18%"
"Dec 12, 2019","252.46","250.45","254.65","246.95","23.76M","0.40%"
"Dec 11, 2019","251.46","251.38","253.56","250.86","19.68M","0.18%"
"Dec 10, 2019","251.00","250.30","253.11","250.05","17.33M","-0.16%"
"Dec 09, 2019","251.41","252.34","254.48","251.41","18.48M","0.28%"
"Dec 06, 2019","250.71","248.38","252.08","248.17","22.51M","2.11%"
"Dec 05, 2019","245.54","243.82","245.63","242.03","14.76M","0.93%"
"Dec 04, 2019","243.28","243.35","246.28","243.15","19.50M","0.59%"
"Dec 03, 2019","241.85","243.30","243.30","238.51","21.29M","-1.68%"
"Dec 02, 2019","245.98","245.00","247.76","244.55","18.93M","0.87%"
"Nov 29, 2019","243.86","245.39","245.78","243.16","28.29M","-0.96%"
"Nov 27, 2019","246.23","245.05","246.47","243.42","12.61M","0.70%"
"Nov 26, 2019","244.53","243.50","245.37","242.16","16.11M","0.68%"
"Nov 25, 2019","242.89","240.24","244.43","238.83","18.79M","1.58%"
"Nov 22, 2019","239.12","237.55","240.30","237.55","17.84M","1.50%"
"Nov 21, 2019","235.58","236.10","237.27","233.89","13.42M","0.00%"
"Nov 20, 2019","235.58","234.78","239.36","234.08","19.40M","-0.36%"
"Nov 19, 2019","236.42","241.18","241.19","236.07","14.56M","-1.17%"
"Nov 18, 2019","239.23","235.85","239.26","234.26","15.28M","1.11%"
"Nov 15, 2019","236.60","236.02","238.19","235.69","14.43M","0.98%"
"Nov 14, 2019","234.31","234.56","236.84","233.98","18.79M","-0.63%"
"Nov 13, 2019","235.79","238.12","239.10","235.77","15.84M","-1.52%"
"Nov 12, 2019","239.43","240.43","242.59","238.79","18.76M","-0.37%"
"Nov 11, 2019","240.33","238.08","240.69","236.06","17.70M","-0.02%"
"Nov 08, 2019","240.38","238.16","240.68","236.80","15.35M","0.20%"
"Nov 07, 2019","239.91","239.80","241.44","238.80","23.63M","1.23%"
"Nov 06, 2019","237.00","238.13","238.29","236.06","17.93M","-0.73%"
"Nov 05, 2019","238.74","241.52","242.32","238.42","21.05M","-0.40%"
"Nov 04, 2019","239.69","240.02","240.97","237.13","24.55M","0.97%"
"Nov 01, 2019","237.39","232.99","239.96","232.99","57.56M","3.54%"
"Oct 31, 2019","229.28","228.48","230.92","226.80","23.99M","-0.64%"
"Oct 30, 2019","230.76","231.22","231.67","228.82","17.81M","-1.19%"
"Oct 29, 2019","233.55","232.05","235.53","231.99","17.70M","0.14%"
"Oct 28, 2019","233.22","229.86","234.43","229.86","24.94M","2.01%"
"Oct 25, 2019","228.63","224.71","230.18","224.51","26.91M","2.02%"
"Oct 24, 2019","224.10","223.42","224.72","220.17","23.12M","1.98%"
"Oct 23, 2019","219.75","220.57","220.78","217.51","28.17M","-0.27%"
"Oct 22, 2019","220.35","215.83","220.83","213.85","30.31M","2.25%"
"Oct 21, 2019","215.51","220.06","221.57","215.43","22.98M","-0.26%"
"Oct 18, 2019","216.08","216.98","218.78","215.82","20.18M","-0.25%"
"Oct 17, 2019","216.62","217.93","219.16","213.94","39.87M","0.25%"
"Oct 16, 2019","216.09","219.22","222.26","214.76","46.41M","-2.42%"
"Oct 15, 2019","221.45","217.28","224.19","216.18","24.77M","1.60%"
"Oct 14, 2019","217.97","218.78","219.71","217.10","19.93M","-1.88%"
"Oct 11, 2019","222.15","216.25","223.77","216.20","42.09M","4.48%"
"Oct 10, 2019","212.62","209.15","213.17","208.62","33.14M","2.73%"
"Oct 09, 2019","206.96","208.57","209.04","204.54","39.82M","-0.03%"
"Oct 08, 2019","207.02","208.34","209.44","206.82","16.47M","-1.71%"
"Oct 07, 2019","210.62","212.16","214.38","210.04","16.80M","-0.92%"
"Oct 04, 2019","212.58","210.67","212.70","209.73","15.90M","1.11%"
"Oct 03, 2019","210.25","207.56","210.40","204.78","18.02M","0.73%"
"Oct 02, 2019","208.73","211.09","211.89","207.09","30.02M","-2.58%"
"Oct 01, 2019","214.25","218.47","223.50","213.96","39.03M","-0.98%"
"Sep 30, 2019","216.36","213.00","217.46","211.98","17.46M","1.33%"
"Sep 27, 2019","213.53","213.32","215.55","211.46","20.60M","0.84%"
"Sep 26, 2019","211.75","216.74","216.74","210.15","21.81M","-3.42%"
"Sep 25, 2019","219.25","213.24","219.57","212.69","26.67M","2.44%"
"Sep 24, 2019","214.03","221.30","221.60","213.12","24.07M","-3.67%"
"Sep 23, 2019","222.18","217.22","223.56","216.17","24.52M","0.59%"
"Sep 20, 2019","220.87","223.37","224.98","219.73","35.02M","-1.12%"
"Sep 19, 2019","223.38","221.16","225.57","220.45","53.63M","-0.83%"
"Sep 18, 2019","225.25","225.89","227.73","222.65","20.31M","-0.98%"
"Sep 17, 2019","227.47","225.70","227.92","222.73","18.75M","-0.69%"
"Sep 16, 2019","229.05","225.56","231.08","225.34","16.21M","-0.20%"
"Sep 13, 2019","229.51","233.03","233.23","229.22","17.75M","-0.07%"
"Sep 12, 2019","229.67","229.63","230.44","224.09","23.23M","0.27%"
"Sep 11, 2019","229.05","224.28","229.23","220.04","27.43M","2.40%"
"Sep 10, 2019","223.68","216.81","223.73","215.03","21.25M","3.69%"
"Sep 09, 2019","215.72","211.30","215.88","211.14","22.49M","2.88%"
"Sep 06, 2019","209.68","212.45","212.77","208.93","14.70M","-1.04%"
"Sep 05, 2019","211.88","210.28","214.20","210.27","20.48M","2.21%"
"Sep 04, 2019","207.29","205.70","207.73","204.60","18.60M","2.22%"
"Sep 03, 2019","202.79","203.05","203.49","200.31","17.20M","-1.49%"
"Aug 30, 2019","205.86","207.14","208.36","204.90","16.13M","0.41%"
"Aug 29, 2019","205.02","202.61","206.03","202.61","16.34M","2.67%"
"Aug 28, 2019","199.69","194.59","200.48","194.26","18.03M","2.03%"
"Aug 27, 2019","195.71","201.26","201.26","195.65","22.07M","-2.15%"
"Aug 26, 2019","200.02","200.19","201.68","198.17","18.54M","0.67%"
"Aug 23, 2019","198.68","203.77","205.49","198.02","22.20M","-3.55%"
"Aug 22, 2019","205.99","208.42","208.60","205.23","14.79M","-0.70%"
"Aug 21, 2019","207.44","210.04","210.33","207.03","14.76M","-0.01%"
"Aug 20, 2019","207.46","208.77","209.87","206.74","15.12M","-1.12%"
"Aug 19, 2019","209.80","208.22","210.80","208.02","21.60M","2.84%"
"Aug 16, 2019","204.01","200.30","205.52","200.09","18.89M","2.44%"
"Aug 15, 2019","199.16","203.02","203.13","197.46","20.27M","-1.55%"
"Aug 14, 2019","202.29","207.00","207.63","202.18","22.11M","-3.93%"
"Aug 13, 2019","210.56","206.26","214.73","205.11","21.51M","1.97%"
"Aug 12, 2019","206.49","210.75","210.80","205.50","14.97M","-2.46%"
"Aug 09, 2019","211.69","216.40","216.59","210.63","20.39M","-3.12%"
"Aug 08, 2019","218.51","214.51","218.99","214.43","16.50M","2.23%"
"Aug 07, 2019","213.75","212.34","214.24","210.10","20.76M","-0.48%"
"Aug 06, 2019","214.79","213.28","215.05","209.68","26.08M","1.07%"
"Aug 05, 2019","212.51","215.47","215.47","210.58","26.16M","-3.03%"
"Aug 02, 2019","219.16","220.81","221.98","215.99","31.78M","-1.43%"
"Aug 01, 2019","222.34","226.30","229.48","220.26","26.50M","-2.48%"
"Jul 31, 2019","227.99","235.04","235.85","226.74","22.17M","-3.01%"
"Jul 30, 2019","235.06","231.75","235.16","230.37","20.56M","0.54%"
"Jul 29, 2019","233.79","234.75","235.48","232.36","15.02M","-0.69%"
"Jul 26, 2019","235.42","233.86","235.94","233.05","14.53M","0.59%"
"Jul 25, 2019","234.04","233.35","235.93","232.97","16.70M","0.40%"
"Jul 24, 2019","233.11","229.93","233.67","229.68","18.18M","0.16%"
"Jul 23, 2019","232.74","232.70","235.29","231.51","21.11M","0.44%"
"Jul 22, 2019","231.72","233.99","234.94","228.83","22.35M","-0.42%"
"Jul 19, 2019","232.69","229.14","234.24","227.70","20.74M","2.66%"
"Jul 18, 2019","226.65","226.22","227.73","225.09","15.11M","0.10%"
"Jul 17, 2019","226.42","229.20","229.33","225.54","17.78M","-1.47%"
"Jul 16, 2019","229.80","227.17","233.51","226.46","24.67M","1.31%"
"Jul 15, 2019","226.82","227.29","228.24","224.33","16.87M","0.39%"
"Jul 12, 2019","225.93","222.16","226.27","222.12","18.54M","2.24%"
"Jul 11, 2019","220.98","220.80","222.06","219.81","20.95M","-0.23%"
"Jul 10, 2019","221.48","225.57","226.65","221.30","20.11M","-1.13%"
"Jul 09, 2019","224.00","222.08","224.13","219.17","24.34M","0.05%"
"Jul 08, 2019","223.88","228.06","229.72","222.83","23.91M","-2.34%"
"Jul 05, 2019","229.25","226.25","229.72","225.00","14.16M","0.31%"
"Jul 03, 2019","228.54","229.18","229.63","227.66","9.14M","-0.06%"
"Jul 02, 2019","228.67","229.99","230.17","228.24","16.62M","-1.16%"
"Jul 01, 2019","231.36","231.30","232.40","229.49","17.22M","0.91%"
"Jun 28, 2019","229.28","228.14","230.06","226.68","24.82M","0.94%"
"Jun 27, 2019","227.14","227.44","227.98","225.50","15.23M","-0.11%"
"Jun 26, 2019","227.39","225.31","227.95","222.76","21.97M","2.03%"
"Jun 25, 2019","222.87","221.53","226.16","220.85","24.72M","1.01%"
"Jun 24, 2019","220.65","221.80","222.53","219.06","19.18M","-0.72%"
"Jun 21, 2019","222.24","221.85","223.38","221.44","28.29M","0.19%"
"Jun 20, 2019","221.82","225.84","227.83","221.34","28.65M","-0.45%"
"Jun 19, 2019","222.83","220.50","224.26","220.50","40.27M","2.47%"
"Jun 18, 2019","217.46","210.88","219.78","210.72","27.61M","4.37%"
"Jun 17, 2019","208.35","209.99","211.10","205.77","16.76M","-1.03%"
"Jun 14, 2019","210.51","212.42","212.44","209.84","14.19M","-1.23%"
"Jun 13, 2019","213.13","210.51","213.77","209.85","16.09M","1.77%"
"Jun 12, 2019","209.42","210.39","211.13","208.86","14.67M","-0.91%"
"Jun 11, 2019","211.35","209.76","213.29","209.71","21.52M","1.81%"
"Jun 10, 2019","207.59","208.78","210.68","207.27","21.09M","0.28%"
"Jun 07, 2019","207.02","205.94","207.84","203.33","25.19M","0.67%"
"Jun 06, 2019","205.65","205.79","207.11","203.34","19.81M","-0.08%"
"Jun 05, 2019","205.81","206.26","206.26","203.07","23.81M","-0.01%"
"Jun 04, 2019","205.84","203.53","206.46","202.51","27.50M","2.21%"
"Jun 03, 2019","201.38","194.92","201.80","194.82","25.80M","3.36%"
"May 31, 2019","194.84","195.09","197.56","193.66","28.46M","-2.36%"
"May 30, 2019","199.55","202.59","204.90","198.94","31.30M","-2.40%"
"May 29, 2019","204.46","203.45","204.93","201.84","24.90M","-0.73%"
"May 28, 2019","205.96","207.70","208.07","204.90","18.91M","-0.65%"
"May 24, 2019","207.30","209.71","210.63","207.00","16.81M","-0.06%"
"May 23, 2019","207.42","210.36","210.65","206.09","27.35M","-3.55%"
"May 22, 2019","215.05","219.09","219.59","213.91","26.25M","-2.48%"
"May 21, 2019","220.52","217.15","222.00","216.78","17.44M","2.30%"
"May 20, 2019","215.56","217.32","218.55","215.15","18.07M","-1.62%"
"May 17, 2019","219.12","222.07","222.07","217.28","28.24M","-2.54%"
"May 16, 2019","224.83","225.97","227.30","224.41","14.11M","-0.00%"
"May 15, 2019","224.84","221.24","225.31","220.06","16.38M","-0.05%"
"May 14, 2019","224.96","223.29","226.09","222.40","17.31M","1.23%"
"May 13, 2019","222.22","228.51","228.51","219.72","25.97M","-4.49%"
"May 10, 2019","232.67","231.13","233.45","228.82","17.34M","0.31%"
"May 09, 2019","231.94","228.35","232.69","226.82","20.63M","0.27%"
"May 08, 2019","231.32","229.49","234.57","229.35","27.33M","0.01%"
"May 07, 2019","231.30","232.88","234.36","229.27","24.47M","-1.78%"
"May 06, 2019","235.48","235.35","237.03","232.90","28.30M","-1.53%"
"May 03, 2019","239.13","231.94","240.11","231.76","50.97M","4.37%"
"May 02, 2019","229.12","227.48","230.88","226.66","32.53M","0.01%"
"May 01, 2019","229.10","233.71","233.93","228.93","15.62M","-1.92%"
"Apr 30, 2019","233.59","234.23","234.59","231.84","17.08M","-0.26%"
"Apr 29, 2019","234.21","231.58","234.45","231.58","14.75M","0.83%"
"Apr 26, 2019","232.29","232.91","234.37","231.82","16.34M","-0.40%"
"Apr 25, 2019","233.23","235.55","237.14","231.87","19.35M","-1.16%"
"Apr 24, 2019","235.97","237.23","238.79","235.92","20.94M","-0.80%"
"Apr 23, 2019","237.88","233.67","239.35","233.67","26.01M","1.67%"
"Apr 22, 2019","233.97","237.33","237.57","233.17","18.72M","-1.77%"
"Apr 18, 2019","238.19","240.02","241.09","236.65","20.96M","-0.95%"
"Apr 17, 2019","240.48","242.34","245.50","240.34","20.78M","-0.12%"
"Apr 16, 2019","240.78","239.80","240.99","239.04","13.39M","0.65%"
"Apr 15, 2019","239.22","240.15","241.07","238.18","15.02M","-0.44%"
"Apr 12, 2019","240.27","241.42","241.63","237.63","20.69M","0.42%"
"Apr 11, 2019","239.27","241.42","241.96","238.07","24.99M","-1.14%"
"Apr 10, 2019","242.02","243.80","244.38","240.67","26.44M","-0.52%"
"Apr 09, 2019","243.29","248.44","248.44","242.78","34.18M","-3.05%"
"Apr 08, 2019","250.95","252.15","252.27","248.08","16.34M","-0.58%"
"Apr 05, 2019","252.41","251.18","253.74","250.91","16.22M","0.76%"
"Apr 04, 2019","250.51","249.60","250.69","248.29","13.16M","0.48%"
"Apr 03, 2019","249.32","248.99","251.78","248.07","16.98M","1.16%"
"Apr 02, 2019","246.45","248.37","248.48","244.54","14.28M","-0.46%"
"Apr 01, 2019","247.60","245.43","247.72","244.45","17.39M","2.31%"
"Mar 29, 2019","242.02","240.97","244.03","240.76","16.35M","1.28%"
"Mar 28, 2019","238.97","238.42","239.62","236.16","12.43M","0.30%"
"Mar 27, 2019","238.25","236.27","238.64","234.82","14.17M","0.92%"
"Mar 26, 2019","236.08","237.02","238.69","234.09","13.37M","0.51%"
"Mar 25, 2019","234.89","234.36","237.12","232.10","13.29M","0.26%"
"Mar 22, 2019","234.27","242.44","242.59","233.62","25.37M","-4.38%"
"Mar 21, 2019","245.01","239.32","246.12","238.75","17.62M","1.84%"
"Mar 20, 2019","240.58","242.87","242.87","236.43","17.88M","-0.91%"
"Mar 19, 2019","242.79","242.80","245.45","241.54","17.44M","0.35%"
"Mar 18, 2019","241.94","241.47","244.62","240.76","17.86M","0.69%"
"Mar 15, 2019","240.29","240.09","243.21","239.25","25.87M","0.00%"
"Mar 14, 2019","240.28","243.52","243.52","240.13","14.90M","-1.88%"
"Mar 13, 2019","244.88","245.87","246.84","244.55","15.15M","0.18%"
"Mar 12, 2019","244.43","243.48","246.58","243.03","15.67M","0.84%"
"Mar 11, 2019","242.39","237.32","242.45","235.94","17.69M","2.16%"
"Mar 08, 2019","237.26","239.92","240.28","236.59","18.99M","-2.45%"
"Mar 07, 2019","243.22","246.86","246.86","242.82","17.85M","-1.73%"
"Mar 06, 2019","247.51","253.49","253.90","247.42","17.67M","-2.32%"
"Mar 05, 2019","253.39","254.93","255.33","253.04","13.09M","-0.73%"
"Mar 04, 2019","255.26","254.55","257.00","251.88","14.94M","0.46%"
"Mar 01, 2019","254.10","254.14","256.86","251.45","16.26M","0.39%"
"Feb 28, 2019","253.12","256.64","256.64","252.68","20.62M","-1.43%"
"Feb 27, 2019","256.78","257.42","258.91","255.43","15.76M","-0.29%"
"Feb 26, 2019","257.52","257.90","260.39","257.09","11.55M","-0.72%"
"Feb 25, 2019","259.38","259.51","260.31","257.22","14.61M","0.37%"
"Feb 22, 2019","258.42","258.83","261.46","256.85","15.75M","0.38%"
"Feb 21, 2019","257.45","257.91","260.17","256.02","18.86M","-0.16%"
"Feb 20, 2019","257.87","251.95","258.43","251.41","20.53M","3.20%"
"Feb 19, 2019","249.88","247.39","250.68","246.70","17.02M","0.72%"
"Feb 15, 2019","248.10","249.81","251.66","246.51","18.17M","0.34%"
"Feb 14, 2019","247.25","248.85","249.59","246.27","16.88M","-1.38%"
"Feb 13, 2019","250.71","253.20","253.75","248.70","16.36M","-0.29%"
"Feb 12, 2019","251.44","247.43","252.12","247.16","15.23M","2.32%"
"Feb 11, 2019","245.73","244.14","246.12","242.29","17.31M","0.74%"
"Feb 08, 2019","243.92","244.05","245.70","241.40","19.89M","-0.36%"
"Feb 07, 2019","244.79","248.19","249.59","242.80","19.03M","-2.14%"
"Feb 06, 2019","250.15","250.56","252.35","249.68","18.38M","-0.45%"
"Feb 05, 2019","251.28","252.95","252.95","250.35","17.89M","-0.81%"
"Feb 04, 2019","253.33","250.75","254.05","250.09","20.68M","0.86%"
"Feb 01, 2019","251.17","249.96","252.58","249.31","21.14M","0.40%"
"Jan 31, 2019","250.16","244.65","251.83","241.61","44.20M","0.95%"
"Jan 30, 2019","247.81","245.19","249.78","243.54","26.02M","1.96%"
"Jan 29, 2019","243.05","242.31","247.48","241.17","23.17M","1.14%"
"Jan 28, 2019","240.31","237.77","240.38","235.06","21.21M","0.25%"
"Jan 25, 2019","239.70","237.53","240.77","236.66","22.17M","2.64%"
"Jan 24, 2019","233.53","234.45","234.79","232.18","15.41M","-0.55%"
"Jan 23, 2019","234.81","236.90","238.07","232.00","16.12M","-0.45%"
"Jan 22, 2019","235.87","236.60","236.60","230.71","26.17M","-1.07%"
"Jan 18, 2019","238.42","234.78","239.00","233.78","18.89M","1.94%"
"Jan 17, 2019","233.89","229.61","236.19","229.02","19.20M","1.44%"
"Jan 16, 2019","230.56","227.26","231.64","226.84","15.96M","1.77%"
"Jan 15, 2019","226.54","229.10","229.59","224.48","15.60M","-0.87%"
"Jan 14, 2019","228.53","228.55","230.67","226.66","13.73M","-0.83%"
"Jan 11, 2019","230.44","228.69","231.05","227.14","14.96M","0.17%"
"Jan 10, 2019","230.04","226.87","230.05","225.68","19.81M","0.76%"
"Jan 09, 2019","228.31","228.22","228.92","223.16","21.88M","1.30%"
"Jan 08, 2019","225.37","222.32","226.37","222.08","21.71M","2.86%"
"Jan 07, 2019","219.10","221.85","223.73","218.05","24.60M","-0.30%"
"Jan 04, 2019","219.77","211.92","220.92","211.76","20.14M","5.62%"
"Jan 03, 2019","208.08","211.41","212.46","206.98","16.93M","-2.06%"
"Jan 02, 2019","212.45","205.82","213.43","204.50","16.24M","1.26%"
"Dec 31, 2018","209.81","210.07","211.72","206.39","12.18M","-0.02%"
"Dec 28, 2018","209.85","211.54","213.32","208.87","13.78M","-0.81%"
"Dec 27, 2018","211.57","208.33","211.58","203.74","19.88M","0.04%"
"Dec 26, 2018","211.48","203.83","211.56","201.30","17.97M","4.45%"
"Dec 24, 2018","202.47","207.60","208.69","202.46","9.07M","-3.36%"
"Dec 21, 2018","209.50","211.16","214.63","208.70","27.07M","-0.72%"
"Dec 20, 2018","211.02","215.64","217.80","208.69","19.30M","-2.08%"
"Dec 19, 2018","215.51","221.76","226.29","214.14","21.71M","-3.00%"
"Dec 18, 2018","222.17","220.79","224.05","220.37","19.63M","0.65%"
"Dec 17, 2018","220.74","226.09","230.25","219.51","20.80M","-2.19%"
"Dec 14, 2018","225.68","225.18","231.18","224.84","18.70M","-0.45%"
"Dec 13, 2018","226.70","229.91","230.68","226.44","14.63M","-0.83%"
"Dec 12, 2018","228.59","230.19","233.05","228.43","16.18M","0.64%"
"Dec 11, 2018","227.13","232.31","233.82","226.50","14.93M","-0.86%"
"Dec 10, 2018","229.09","231.71","232.59","225.63","14.75M","-1.32%"
"Dec 07, 2018","232.15","240.80","244.41","231.30","17.84M","-2.94%"
"Dec 06, 2018","239.19","237.79","239.19","233.33","18.88M","-1.47%"
"Dec 04, 2018","242.75","250.76","253.05","242.54","20.77M","-3.33%"
"Dec 03, 2018","251.12","253.37","256.54","247.89","19.47M","1.64%"
"Nov 30, 2018","247.07","244.57","247.38","243.89","14.68M","0.43%"
"Nov 29, 2018","246.01","245.52","248.06","242.72","16.70M","0.08%"
"Nov 28, 2018","245.82","238.72","245.84","234.15","23.40M","3.11%"
"Nov 27, 2018","238.40","244.66","245.67","235.50","33.23M","-3.95%"
"Nov 26, 2018","248.20","250.29","253.96","247.50","15.88M","-0.42%"
"Nov 23, 2018","249.25","249.68","251.38","244.68","6.95M","-1.89%"
"Nov 21, 2018","254.05","252.56","257.04","249.92","10.85M","1.44%"
"Nov 20, 2018","250.45","256.25","256.25","247.85","16.11M","-3.48%"
"Nov 19, 2018","259.47","263.14","263.17","257.02","13.37M","-1.53%"
"Nov 16, 2018","263.49","262.04","265.68","262.01","11.19M","0.09%"
"Nov 15, 2018","263.25","257.82","264.00","257.34","10.90M","1.51%"
"Nov 14, 2018","259.34","264.21","267.06","257.30","10.83M","-1.40%"
"Nov 13, 2018","263.02","260.93","267.64","260.93","10.67M","0.92%"
"Nov 12, 2018","260.61","262.22","264.06","258.71","13.45M","-0.95%"
"Nov 09, 2018","263.10","264.98","266.55","259.80","15.17M","-1.96%"
"Nov 08, 2018","268.36","271.15","272.36","266.89","14.39M","-1.29%"
"Nov 07, 2018","271.86","270.48","272.20","268.12","15.07M","1.60%"
"Nov 06, 2018","267.58","264.89","267.87","264.76","14.03M","1.21%"
"Nov 05, 2018","264.37","262.72","267.57","262.52","19.08M","0.85%"
"Nov 02, 2018","262.13","261.09","263.99","257.93","21.19M","1.48%"
"Nov 01, 2018","258.30","255.66","259.17","252.22","17.99M","2.13%"
"Oct 31, 2018","252.92","249.94","254.62","248.80","18.32M","2.73%"
"Oct 30, 2018","246.20","243.43","248.21","242.60","18.16M","1.13%"
"Oct 29, 2018","243.44","246.88","249.08","240.88","17.98M","0.16%"
"Oct 26, 2018","243.04","245.71","247.23","240.19","22.41M","-2.76%"
"Oct 25, 2018","249.94","243.64","251.73","243.17","22.74M","3.24%"
"Oct 24, 2018","242.09","255.24","256.98","241.90","24.19M","-5.62%"
"Oct 23, 2018","256.50","252.37","257.86","249.57","25.92M","-1.32%"
"Oct 22, 2018","259.93","257.22","261.05","256.51","13.52M","1.02%"
"Oct 19, 2018","257.30","259.34","259.77","255.51","19.29M","-0.53%"
"Oct 18, 2018","258.68","261.38","262.99","255.45","25.75M","-1.03%"
"Oct 17, 2018","261.38","260.03","261.55","256.57","18.87M","0.61%"
"Oct 16, 2018","259.79","260.82","261.84","257.93","21.59M","0.24%"
"Oct 15, 2018","259.18","263.15","265.65","259.08","20.54M","-2.45%"
"Oct 12, 2018","265.68","268.52","269.02","262.68","16.93M","0.49%"
"Oct 11, 2018","264.39","267.52","270.82","263.89","17.94M","-1.29%"
"Oct 10, 2018","267.85","277.74","277.99","267.77","20.37M","-3.75%"
"Oct 09, 2018","278.28","280.90","281.74","277.99","11.92M","-0.98%"
"Oct 08, 2018","281.04","278.97","281.58","276.50","12.03M","0.58%"
"Oct 05, 2018","279.43","281.23","282.50","276.24","14.12M","-0.99%"
"Oct 04, 2018","282.21","284.74","287.57","280.54","15.99M","-0.80%"
"Oct 03, 2018","284.49","285.14","285.69","282.47","15.18M","0.17%"
"Oct 02, 2018","284.02","282.61","284.26","279.96","21.31M","0.35%"
"Oct 01, 2018","283.02","282.30","285.62","279.43","19.92M","0.78%"
"Sep 28, 2018","280.84","279.26","282.83","278.86","14.82M","0.31%"
"Sep 27, 2018","279.98","279.70","281.61","277.89","11.46M","0.07%"
"Sep 26, 2018","279.79","284.80","284.80","279.60","14.35M","-1.83%"
"Sep 25, 2018","285.00","282.18","285.54","282.18","13.69M","1.52%"
"Sep 24, 2018","280.72","281.92","286.59","280.40","14.41M","-0.46%"
"Sep 21, 2018","282.03","284.76","285.64","279.70","28.39M","-0.93%"
"Sep 20, 2018","284.67","288.77","291.04","283.91","17.03M","-0.62%"
"Sep 19, 2018","286.46","285.34","289.46","285.34","12.52M","0.99%"
"Sep 18, 2018","283.65","281.35","285.90","281.35","14.36M","1.12%"
"Sep 17, 2018","280.51","278.78","283.47","278.78","10.29M","0.72%"
"Sep 14, 2018","278.50","278.87","279.82","275.67","14.69M","-0.37%"
"Sep 13, 2018","279.54","279.59","282.51","278.33","10.99M","0.04%"
"Sep 12, 2018","279.43","276.08","280.74","275.34","11.32M","1.47%"
"Sep 11, 2018","275.39","274.38","276.13","269.98","13.85M","-0.01%"
"Sep 10, 2018","275.41","278.75","279.88","275.22","9.82M","-1.06%"
"Sep 07, 2018","278.37","281.69","281.69","275.76","13.98M","-1.28%"
"Sep 06, 2018","281.99","281.55","285.32","279.77","12.61M","0.15%"
"Sep 05, 2018","281.56","277.11","282.57","276.05","14.37M","1.52%"
"Sep 04, 2018","277.34","277.87","280.75","274.11","14.55M","-0.96%"
"Aug 31, 2018","280.02","279.26","281.59","278.14","12.06M","-0.04%"
"Aug 30, 2018","280.12","284.86","284.86","277.65","18.76M","-1.86%"
"Aug 29, 2018","285.42","283.87","286.82","280.80","10.58M","0.58%"
"Aug 28, 2018","283.77","284.92","286.85","282.02","10.55M","0.17%"
"Aug 27, 2018","283.29","279.96","284.86","278.97","13.78M","1.48%"
"Aug 24, 2018","279.16","276.97","279.55","276.97","11.15M","1.26%"
"Aug 23, 2018","275.68","282.85","282.85","275.40","13.20M","-2.66%"
"Aug 22, 2018","283.21","283.59","284.77","282.37","9.04M","0.00%"
"Aug 21, 2018","283.20","279.12","285.61","279.12","13.88M","1.48%"
"Aug 20, 2018","279.06","276.77","280.25","276.77","14.55M","1.14%"
"Aug 17, 2018","275.92","272.57","276.85","269.02","12.72M","1.13%"
"Aug 16, 2018","272.84","269.10","274.71","269.10","14.36M","1.71%"
"Aug 15, 2018","268.26","275.56","275.56","265.67","22.12M","-3.34%"
"Aug 14, 2018","277.54","277.59","279.60","276.97","16.95M","0.16%"
"Aug 13, 2018","277.11","278.52","281.01","275.94","15.64M","-0.46%"
"Aug 10, 2018","278.40","277.71","281.60","275.03","23.14M","-0.62%"
"Aug 09, 2018","280.14","283.48","283.71","279.95","14.04M","-1.27%"
"Aug 08, 2018","283.73","285.99","286.99","281.60","17.90M","-0.58%"
"Aug 07, 2018","285.38","285.84","289.27","285.27","14.38M","0.61%"
"Aug 06, 2018","283.65","283.31","284.98","281.89","17.31M","-0.24%"
"Aug 03, 2018","284.32","285.46","286.66","282.83","19.06M","-0.35%"
"Aug 02, 2018","285.31","289.54","289.54","284.23","34.90M","-2.08%"
"Aug 01, 2018","291.36","296.45","296.65","290.25","17.46M","-1.62%"
"Jul 31, 2018","296.15","297.83","298.44","293.56","15.82M","-0.66%"
"Jul 30, 2018","298.11","299.99","302.28","297.85","13.34M","-0.47%"
"Jul 27, 2018","299.53","302.13","303.84","298.51","11.76M","-0.69%"
"Jul 26, 2018","301.60","303.21","303.21","296.28","21.75M","-0.98%"
"Jul 25, 2018","304.57","303.77","305.23","301.88","16.25M","0.29%"
"Jul 24, 2018","303.68","301.89","308.37","301.89","24.71M","2.07%"
"Jul 23, 2018","297.52","294.88","299.49","293.80","15.25M","0.92%"
"Jul 20, 2018","294.81","291.70","296.23","291.14","13.71M","1.07%"
"Jul 19, 2018","291.68","295.21","295.21","289.67","18.45M","-1.74%"
"Jul 18, 2018","296.86","291.36","297.19","291.36","16.17M","1.90%"
"Jul 17, 2018","291.32","288.87","292.29","288.27","9.70M","0.82%"
"Jul 16, 2018","288.96","290.53","292.88","287.93","11.29M","-0.57%"
"Jul 13, 2018","290.61","289.01","291.87","288.31","10.66M","0.62%"
"Jul 12, 2018","288.83","289.75","291.99","288.21","11.47M","-0.00%"
"Jul 11, 2018","288.84","289.15","291.40","286.62","13.37M","-1.22%"
"Jul 10, 2018","292.42","289.58","294.30","289.58","11.97M","1.09%"
"Jul 09, 2018","289.27","286.94","289.52","285.29","10.51M","1.36%"
"Jul 06, 2018","285.38","282.62","286.90","280.06","12.33M","0.43%"
"Jul 05, 2018","284.16","280.74","284.23","279.78","14.57M","2.42%"
"Jul 03, 2018","277.45","284.22","284.66","276.75","11.07M","-1.74%"
"Jul 02, 2018","282.37","278.53","283.03","277.86","14.58M","0.66%"
"Jun 29, 2018","280.51","282.11","283.98","280.50","15.90M","-0.19%"
"Jun 28, 2018","281.03","281.05","281.78","276.29","15.45M","-0.43%"
"Jun 27, 2018","282.24","288.71","289.95","282.15","16.78M","-2.00%"
"Jun 26, 2018","288.00","285.30","288.82","282.66","21.63M","1.07%"
"Jun 25, 2018","284.96","296.08","296.08","281.13","27.08M","-4.53%"
"Jun 22, 2018","298.49","294.53","299.57","294.15","23.54M","2.33%"
"Jun 21, 2018","291.69","295.21","295.44","290.24","13.56M","-1.63%"
"Jun 20, 2018","296.53","294.74","296.98","290.72","14.95M","1.27%"
"Jun 19, 2018","292.81","295.21","295.21","286.56","20.46M","-2.35%"
"Jun 18, 2018","299.86","295.18","301.35","295.11","16.16M","0.66%"
"Jun 15, 2018","297.90","306.71","307.18","295.94","31.38M","-2.88%"
"Jun 14, 2018","306.72","305.81","307.16","302.25","14.70M","1.13%"
"Jun 13, 2018","303.29","306.18","306.69","302.26","23.56M","-0.64%"
"Jun 12, 2018","305.25","307.55","309.01","303.73","14.10M","-0.27%"
"Jun 11, 2018","306.07","306.67","308.94","304.08","13.43M","0.09%"
"Jun 08, 2018","305.79","304.67","306.48","303.37","12.05M","0.33%"
"Jun 07, 2018","304.77","307.90","309.29","302.63","15.19M","-1.22%"
"Jun 06, 2018","308.53","306.63","308.54","303.09","16.10M","1.44%"
"Jun 05, 2018","304.15","302.46","305.95","300.98","13.88M","0.50%"
"Jun 04, 2018","302.64","305.38","308.38","300.83","15.15M","-0.43%"
"Jun 01, 2018","303.95","304.56","307.18","302.97","21.35M","1.66%"
"May 31, 2018","298.98","304.84","310.24","298.59","28.78M","-0.08%"
"May 30, 2018","299.22","294.39","301.12","294.39","14.83M","2.57%"
"May 29, 2018","291.73","292.82","296.16","290.71","11.52M","-1.21%"
"May 25, 2018","295.29","297.34","297.74","293.71","9.47M","-1.19%"
"May 24, 2018","298.85","298.16","299.31","295.60","13.95M","0.34%"
"May 23, 2018","297.85","298.92","299.03","295.24","12.07M","-1.06%"
"May 22, 2018","301.04","301.89","306.20","300.77","14.65M","0.13%"
"May 21, 2018","300.66","303.60","303.75","297.54","21.58M","-1.01%"
"May 18, 2018","303.73","304.53","306.68","302.90","16.22M","-0.59%"
"May 17, 2018","305.54","303.51","307.98","303.07","15.63M","0.95%"
"May 16, 2018","302.67","294.52","304.53","294.52","20.41M","2.87%"
"May 15, 2018","294.22","289.68","294.45","288.50","14.30M","0.76%"
"May 14, 2018","292.00","293.16","294.08","290.88","14.20M","-0.05%"
"May 11, 2018","292.15","293.64","296.56","291.40","14.13M","-0.20%"
"May 10, 2018","292.73","288.92","295.86","288.74","15.30M","1.61%"
"May 09, 2018","288.09","288.66","290.07","287.36","12.59M","0.27%"
"May 08, 2018","287.32","286.65","289.40","285.50","12.42M","-0.05%"
"May 07, 2018","287.46","286.39","288.46","285.45","14.81M","0.62%"
"May 04, 2018","285.69","276.22","287.33","275.37","20.91M","2.96%"
"May 03, 2018","277.49","275.16","279.82","274.06","18.36M","0.81%"
"May 02, 2018","275.27","274.98","278.55","274.81","17.26M","0.70%"
"May 01, 2018","273.35","276.56","277.16","269.25","30.70M","-1.87%"
"Apr 30, 2018","278.56","281.32","283.44","275.98","26.46M","-0.62%"
"Apr 27, 2018","280.31","290.19","290.19","277.58","49.48M","-3.59%"
"Apr 26, 2018","290.74","289.69","291.97","285.01","21.67M","1.46%"
"Apr 25, 2018","286.56","282.21","289.18","280.30","18.00M","1.04%"
"Apr 24, 2018","283.60","286.68","291.59","277.71","27.98M","-0.17%"
"Apr 23, 2018","284.09","285.87","287.52","282.30","18.21M","-1.08%"
"Apr 20, 2018","287.20","292.56","292.70","284.06","18.81M","-1.63%"
"Apr 19, 2018","291.96","290.57","293.68","285.19","23.86M","-0.13%"
"Apr 18, 2018","292.33","288.59","296.24","288.59","27.20M","2.04%"
"Apr 17, 2018","286.49","282.89","287.54","282.11","17.70M","2.29%"
"Apr 16, 2018","280.07","278.67","280.93","276.30","15.16M","1.16%"
"Apr 13, 2018","276.86","280.22","282.25","274.55","18.73M","-0.40%"
"Apr 12, 2018","277.97","274.27","279.72","273.84","16.44M","2.03%"
"Apr 11, 2018","272.43","276.53","277.87","270.72","18.82M","-2.04%"
"Apr 10, 2018","278.10","274.39","279.53","273.52","17.99M","3.18%"
"Apr 09, 2018","269.54","270.22","274.11","269.38","15.89M","0.39%"
"Apr 06, 2018","268.48","276.52","277.32","265.80","26.00M","-4.01%"
"Apr 05, 2018","279.69","273.38","280.74","273.38","21.38M","3.12%"
"Apr 04, 2018","271.22","265.02","271.67","263.29","18.03M","0.45%"
"Apr 03, 2018","270.01","267.64","271.23","267.64","20.96M","1.81%"
"Apr 02, 2018","265.22","270.60","273.40","263.11","19.55M","-2.66%"
"Mar 29, 2018","272.47","264.30","273.94","264.30","23.12M","3.44%"
"Mar 28, 2018","263.41","265.55","266.88","261.21","18.95M","-1.14%"
"Mar 27, 2018","266.44","272.67","273.60","264.72","24.72M","-1.45%"
"Mar 26, 2018","270.36","266.86","270.83","264.31","22.72M","2.46%"
"Mar 23, 2018","263.87","270.92","271.69","263.75","27.35M","-2.17%"
"Mar 22, 2018","269.73","287.36","287.36","269.61","38.02M","-7.47%"
"Mar 21, 2018","291.50","287.92","294.00","287.16","16.42M","1.66%"
"Mar 20, 2018","286.74","292.21","293.52","286.16","17.85M","-1.63%"
"Mar 19, 2018","291.49","296.45","296.98","288.34","21.11M","-2.20%"
"Mar 16, 2018","298.04","295.16","301.26","291.93","32.95M","1.17%"
"Mar 15, 2018","294.60","296.41","299.26","293.73","19.85M","-0.59%"
"Mar 14, 2018","296.36","304.27","305.83","295.63","28.97M","-2.24%"
"Mar 13, 2018","303.14","305.09","310.81","302.64","33.81M","-1.26%"
"Mar 12, 2018","307.01","303.57","308.22","303.57","16.59M","0.89%"
"Mar 09, 2018","304.29","307.83","311.05","300.79","37.60M","0.01%"
"Mar 08, 2018","304.25","311.80","312.05","300.77","29.16M","-2.55%"
"Mar 07, 2018","312.21","306.44","314.66","306.12","29.72M","1.80%"
"Mar 06, 2018","306.68","308.25","308.86","302.18","25.12M","-0.06%"
"Mar 05, 2018","306.86","305.40","311.64","305.40","22.77M","-0.49%"
"Mar 02, 2018","308.37","307.44","309.06","299.75","33.72M","0.21%"
"Mar 01, 2018","307.72","303.31","312.28","300.52","57.25M","3.45%"
"Feb 28, 2018","297.47","306.50","308.11","297.47","17.71M","-2.63%"
"Feb 27, 2018","305.49","307.25","308.76","305.43","16.20M","-0.88%"
"Feb 26, 2018","308.20","309.74","311.19","304.09","23.09M","1.22%"
"Feb 23, 2018","304.49","304.88","306.32","300.96","15.51M","0.35%"
"Feb 22, 2018","303.43","305.70","307.36","302.63","19.80M","0.10%"
"Feb 21, 2018","303.14","308.31","310.34","303.14","25.51M","-1.51%"
"Feb 20, 2018","307.80","308.77","317.51","306.14","43.63M","-1.58%"
"Feb 16, 2018","312.73","296.96","315.36","294.35","58.45M","5.13%"
"Feb 15, 2018","297.46","297.32","299.83","293.16","20.08M","0.88%"
"Feb 14, 2018","294.87","283.45","295.17","283.36","22.54M","3.11%"
"Feb 13, 2018","285.97","281.47","287.63","280.18","21.73M","1.14%"
"Feb 12, 2018","282.76","276.72","284.81","275.57","20.35M","2.93%"
"Feb 09, 2018","274.71","271.58","276.32","264.57","25.13M","1.88%"
"Feb 08, 2018","269.65","280.04","280.69","269.61","24.83M","-3.67%"
"Feb 07, 2018","279.93","279.60","284.64","278.61","22.29M","-0.22%"
"Feb 06, 2018","280.56","270.19","282.07","266.12","26.14M","2.14%"
"Feb 05, 2018","274.69","279.51","285.71","273.23","25.84M","-2.60%"
"Feb 02, 2018","282.03","288.91","288.91","281.30","23.73M","-3.47%"
"Feb 01, 2018","292.17","292.15","295.20","290.25","26.31M","-0.50%"
"Jan 31, 2018","293.65","300.10","300.90","291.51","30.31M","-1.35%"
"Jan 30, 2018","297.67","305.26","307.76","296.28","27.23M","-3.08%"
"Jan 29, 2018","307.12","307.57","311.35","306.86","18.31M","-0.42%"
"Jan 26, 2018","308.43","304.03","309.36","302.19","16.70M","1.70%"
"Jan 25, 2018","303.28","308.26","308.51","301.45","23.27M","-0.81%"
"Jan 24, 2018","305.76","307.42","308.65","304.14","20.35M","0.20%"
"Jan 23, 2018","305.15","305.45","307.37","299.22","32.86M","0.38%"
"Jan 22, 2018","303.98","302.57","304.66","300.70","21.52M","0.49%"
"Jan 19, 2018","302.51","302.91","303.91","299.69","20.27M","-0.10%"
"Jan 18, 2018","302.81","303.17","305.01","300.77","15.92M","-0.43%"
"Jan 17, 2018","304.13","303.16","305.08","301.58","17.49M","0.70%"
"Jan 16, 2018","302.02","304.64","309.09","299.87","22.69M","-0.80%"
"Jan 12, 2018","304.47","308.81","308.86","303.10","19.59M","-1.12%"
"Jan 11, 2018","307.92","303.14","307.96","302.04","20.37M","2.22%"
"Jan 10, 2018","301.22","296.48","301.71","294.73","21.07M","1.51%"
"Jan 09, 2018","296.75","299.75","300.02","296.11","23.35M","-1.24%"
"Jan 08, 2018","300.49","297.91","301.27","296.98","24.76M","1.12%"
"Jan 05, 2018","297.15","296.47","297.26","293.55","22.52M","0.42%"
"Jan 04, 2018","295.90","295.61","297.15","292.84","22.80M","0.45%"
"Jan 03, 2018","294.56","292.06","296.01","290.01","29.23M","1.28%"
"Jan 02, 2018","290.83","281.01","290.94","280.97","26.78M","4.57%"
"Dec 29, 2017","278.13","282.69","282.89","278.13","13.32M","-1.35%"
"Dec 28, 2017","281.95","280.05","282.11","279.62","11.69M","0.53%"
"Dec 27, 2017","280.47","282.67","282.67","279.55","10.79M","-0.66%"
"Dec 26, 2017","282.33","280.52","282.98","279.88","10.52M","0.67%"
"Dec 22, 2017","280.46","281.33","281.39","277.68","13.56M","-0.27%"
"Dec 21, 2017","281.21","280.19","281.86","279.09","20.05M","0.98%"
"Dec 20, 2017","278.49","277.11","278.90","275.13","25.12M","2.24%"
"Dec 19, 2017","272.38","271.02","273.78","269.71","19.68M","0.68%"
"Dec 18, 2017","270.55","263.28","270.76","263.28","24.11M","3.06%"
"Dec 15, 2017","262.52","261.19","263.83","260.24","29.33M","0.69%"
"Dec 14, 2017","260.71","267.52","270.50","260.66","20.06M","-3.07%"
"Dec 13, 2017","268.98","266.74","269.37","264.90","19.22M","0.34%"
"Dec 12, 2017","268.06","267.32","270.39","266.45","20.29M","0.22%"
"Dec 11, 2017","267.48","266.98","268.56","264.57","23.94M","0.93%"
"Dec 08, 2017","265.02","260.75","267.06","260.35","25.50M","2.49%"
"Dec 07, 2017","258.59","255.97","259.03","255.74","23.62M","1.39%"
"Dec 06, 2017","255.05","252.41","256.46","252.41","27.97M","1.05%"
"Dec 05, 2017","252.41","253.89","254.26","251.40","18.11M","-1.84%"
"Dec 04, 2017","257.13","251.85","259.78","251.85","24.73M","2.69%"
"Dec 01, 2017","250.39","251.72","255.08","245.98","26.95M","-0.17%"
"Nov 30, 2017","250.82","249.44","253.18","249.21","23.34M","0.75%"
"Nov 29, 2017","248.96","244.92","251.30","244.92","17.85M","1.69%"
"Nov 28, 2017","244.82","244.16","245.27","241.40","19.88M","0.30%"
"Nov 27, 2017","244.09","244.86","244.86","240.88","14.18M","-0.27%"
"Nov 24, 2017","244.76","245.88","247.25","244.56","9.02M","-0.12%"
"Nov 22, 2017","245.05","244.34","246.74","244.34","13.99M","0.55%"
"Nov 21, 2017","243.70","243.09","245.13","243.09","14.03M","0.81%"
"Nov 20, 2017","241.73","238.13","241.99","237.80","15.11M","1.40%"
"Nov 17, 2017","238.39","237.17","239.09","236.21","15.51M","0.12%"
"Nov 16, 2017","238.10","238.43","239.30","236.95","16.55M","0.07%"
"Nov 15, 2017","237.94","235.73","238.65","231.79","23.58M","0.35%"
"Nov 14, 2017","237.10","241.14","241.14","235.52","18.60M","-2.11%"
"Nov 13, 2017","242.20","241.11","243.72","239.50","16.21M","0.07%"
"Nov 10, 2017","242.02","245.51","246.18","240.17","23.69M","-1.08%"
"Nov 09, 2017","244.66","245.38","247.07","243.59","22.07M","-1.48%"
"Nov 08, 2017","248.33","246.78","248.93","244.85","30.57M","-0.09%"
"Nov 07, 2017","248.55","250.35","250.38","247.41","15.63M","-0.80%"
"Nov 06, 2017","250.55","251.67","253.50","249.61","15.09M","0.08%"
"Nov 03, 2017","250.34","252.29","252.44","248.94","18.81M","-0.76%"
"Nov 02, 2017","252.26","252.99","256.11","251.65","22.45M","-0.15%"
"Nov 01, 2017","252.63","253.59","259.91","250.73","50.21M","1.89%"
"Oct 31, 2017","247.94","249.98","249.98","246.80","36.36M","-0.92%"
"Oct 30, 2017","250.23","253.88","254.03","249.83","19.07M","-1.89%"
"Oct 27, 2017","255.04","254.12","256.08","252.29","20.64M","-0.44%"
"Oct 26, 2017","256.16","256.95","257.38","254.33","20.84M","0.30%"
"Oct 25, 2017","255.39","258.12","258.12","254.86","19.02M","-1.46%"
"Oct 24, 2017","259.18","256.52","260.24","256.00","21.90M","1.40%"
"Oct 23, 2017","255.59","257.87","259.29","255.51","18.55M","-0.96%"
"Oct 20, 2017","258.06","254.79","258.75","254.73","25.68M","2.20%"
"Oct 19, 2017","252.51","246.24","252.60","243.01","23.58M","1.73%"
"Oct 18, 2017","248.21","246.79","249.34","246.57","24.66M","0.80%"
"Oct 17, 2017","246.24","246.50","248.72","246.08","16.51M","-0.08%"
"Oct 16, 2017","246.43","251.94","251.96","245.56","22.33M","-1.66%"
"Oct 13, 2017","250.60","249.58","251.65","249.24","36.36M","2.10%"
"Oct 12, 2017","245.44","243.43","246.58","242.24","20.73M","0.57%"
"Oct 11, 2017","244.05","239.45","245.42","239.35","23.51M","2.06%"
"Oct 10, 2017","239.13","240.31","241.22","238.20","15.75M","0.09%"
"Oct 09, 2017","238.91","242.85","242.95","237.56","22.40M","-1.74%"
"Oct 06, 2017","243.15","244.17","244.40","241.50","19.38M","-0.89%"
"Oct 05, 2017","245.33","244.85","247.10","244.12","19.66M","0.63%"
"Oct 04, 2017","243.80","243.07","245.72","242.50","16.62M","0.38%"
"Oct 03, 2017","242.87","243.85","244.22","240.00","25.78M","-0.06%"
"Oct 02, 2017","243.01","239.03","243.77","238.22","20.46M","1.19%"
"Sep 29, 2017","240.15","238.69","240.98","238.18","16.85M","0.66%"
"Sep 28, 2017","238.58","236.62","238.95","234.59","21.76M","0.05%"
"Sep 27, 2017","238.45","234.66","238.58","231.70","23.94M","2.30%"
"Sep 26, 2017","233.10","233.42","235.54","232.93","18.55M","-0.01%"
"Sep 25, 2017","233.13","232.44","233.65","229.09","22.58M","0.07%"
"Sep 22, 2017","232.96","231.25","233.55","229.36","27.60M","-0.04%"
"Sep 21, 2017","233.06","237.49","238.34","232.01","23.92M","-2.51%"
"Sep 20, 2017","239.05","236.59","240.10","236.58","23.48M","1.43%"
"Sep 19, 2017","235.68","233.63","236.49","231.15","20.39M","0.79%"
"Sep 18, 2017","233.84","231.63","234.89","231.12","22.83M","1.19%"
"Sep 15, 2017","231.09","229.95","232.84","229.52","29.24M","-0.04%"
"Sep 14, 2017","231.18","233.21","233.21","228.94","29.03M","-0.83%"
"Sep 13, 2017","233.11","231.01","233.63","230.51","18.00M","0.31%"
"Sep 12, 2017","232.39","231.48","232.64","226.27","25.16M","-0.19%"
"Sep 11, 2017","232.83","236.99","237.37","232.42","21.48M","-0.55%"
"Sep 08, 2017","234.11","233.47","235.10","229.74","24.25M","-0.09%"
"Sep 07, 2017","234.32","236.95","237.99","232.37","21.49M","-1.07%"
"Sep 06, 2017","236.85","236.39","239.19","235.38","20.44M","0.51%"
"Sep 05, 2017","235.64","238.51","242.44","233.13","31.86M","-0.89%"
"Sep 01, 2017","237.75","237.01","239.18","236.61","17.63M","1.08%"
"Aug 31, 2017","235.22","238.51","239.42","234.83","19.46M","-0.77%"
"Aug 30, 2017","237.05","233.31","237.86","231.96","22.41M","1.49%"
"Aug 29, 2017","233.57","229.52","235.43","227.88","24.83M","0.94%"
"Aug 28, 2017","231.40","232.12","232.50","229.73","14.67M","-0.08%"
"Aug 25, 2017","231.59","232.04","232.58","229.90","13.53M","0.49%"
"Aug 24, 2017","230.47","231.98","232.97","229.49","16.87M","-0.56%"
"Aug 23, 2017","231.77","228.33","232.65","227.31","18.78M","0.96%"
"Aug 22, 2017","229.57","225.63","230.11","225.19","28.54M","2.34%"
"Aug 21, 2017","224.31","226.64","226.96","224.20","17.46M","-0.80%"
"Aug 18, 2017","226.11","226.49","227.92","224.58","19.29M","-0.15%"
"Aug 17, 2017","226.45","233.28","233.56","226.30","21.85M","-3.87%"
"Aug 16, 2017","235.56","232.02","236.49","231.96","25.53M","2.13%"
"Aug 15, 2017","230.64","231.32","233.61","229.22","16.07M","-0.31%"
"Aug 14, 2017","231.36","230.02","231.95","229.79","16.98M","1.00%"
"Aug 11, 2017","229.08","232.25","234.00","228.94","18.69M","-2.04%"
"Aug 10, 2017","233.84","233.75","236.62","233.64","19.01M","-0.84%"
"Aug 09, 2017","235.83","236.91","237.03","235.35","17.33M","-0.92%"
"Aug 08, 2017","238.02","238.38","240.81","234.54","23.19M","-0.39%"
"Aug 07, 2017","238.96","237.67","240.17","237.25","21.72M","1.26%"
"Aug 04, 2017","235.98","234.65","236.17","233.61","17.51M","0.97%"
"Aug 03, 2017","233.71","232.78","235.07","232.09","15.15M","0.27%"
"Aug 02, 2017","233.09","232.26","233.89","230.15","19.85M","-0.15%"
"Aug 01, 2017","233.45","237.39","237.53","232.81","23.42M","-1.39%"
"Jul 31, 2017","236.74","237.17","238.05","234.82","26.23M","0.63%"
"Jul 28, 2017","235.26","240.97","240.97","233.82","48.31M","-3.12%"
"Jul 27, 2017","242.84","241.80","245.41","240.72","33.53M","0.36%"
"Jul 26, 2017","241.96","252.29","252.60","241.12","66.49M","-3.06%"
"Jul 25, 2017","249.60","248.01","252.40","248.01","40.56M","1.96%"
"Jul 24, 2017","244.81","244.71","245.74","242.16","22.91M","0.09%"
"Jul 21, 2017","244.60","245.73","246.57","244.41","23.25M","-0.50%"
"Jul 20, 2017","245.84","246.72","246.76","240.92","28.44M","-0.41%"
"Jul 19, 2017","246.84","242.08","247.04","241.05","33.12M","2.30%"
"Jul 18, 2017","241.28","243.33","243.78","238.31","23.14M","-1.09%"
"Jul 17, 2017","243.95","242.27","244.85","240.99","20.97M","1.03%"
"Jul 14, 2017","241.46","244.50","244.70","241.23","23.47M","-1.14%"
"Jul 13, 2017","244.25","239.90","245.85","237.09","43.17M","2.10%"
"Jul 12, 2017","239.22","238.93","240.86","237.57","21.88M","0.58%"
"Jul 11, 2017","237.85","237.52","239.01","235.67","21.51M","0.41%"
"Jul 10, 2017","236.89","233.51","239.46","231.86","23.02M","0.87%"
"Jul 07, 2017","234.84","238.85","239.50","230.96","32.07M","-1.67%"
"Jul 06, 2017","238.82","237.51","242.26","237.08","20.69M","0.05%"
"Jul 05, 2017","238.69","238.87","239.65","234.42","27.61M","0.07%"
"Jul 03, 2017","238.52","236.39","239.61","235.25","16.22M","1.47%"
"Jun 30, 2017","235.06","236.60","239.92","235.02","34.84M","0.11%"
"Jun 29, 2017","234.80","234.92","237.10","232.94","31.78M","0.44%"
"Jun 28, 2017","233.78","228.18","234.62","228.18","32.28M","3.40%"
"Jun 27, 2017","226.09","229.53","232.62","226.09","27.88M","-1.12%"
"Jun 26, 2017","228.64","229.82","230.90","226.06","30.64M","-0.31%"
"Jun 23, 2017","229.35","227.20","232.30","226.24","38.78M","1.36%"
"Jun 22, 2017","226.27","225.15","227.30","222.43","26.43M","1.21%"
"Jun 21, 2017","223.57","224.86","227.08","222.48","28.90M","0.06%"
"Jun 20, 2017","223.43","222.96","224.94","220.74","23.61M","-0.26%"
"Jun 19, 2017","224.02","224.86","229.47","223.52","35.29M","0.91%"
"Jun 16, 2017","221.99","220.59","223.82","218.10","32.67M","0.43%"
"Jun 15, 2017","221.05","230.64","231.45","220.71","39.91M","-5.69%"
"Jun 14, 2017","234.38","240.52","240.74","231.83","37.83M","-2.62%"
"Jun 13, 2017","240.68","239.56","243.11","239.52","27.86M","0.51%"
"Jun 12, 2017","239.47","238.03","242.28","237.10","29.08M","0.50%"
"Jun 09, 2017","238.27","236.77","239.05","234.53","34.89M","0.62%"
"Jun 08, 2017","236.81","227.70","238.08","226.13","42.36M","3.96%"
"Jun 07, 2017","227.78","230.57","231.58","224.55","43.22M","-0.56%"
"Jun 06, 2017","229.07","231.49","231.49","228.62","25.71M","-1.58%"
"Jun 05, 2017","232.75","229.47","234.13","229.47","25.47M","1.10%"
"Jun 02, 2017","230.21","231.30","232.16","229.77","19.19M","-0.57%"
"Jun 01, 2017","231.54","228.08","231.56","226.78","39.69M","1.51%"
"May 31, 2017","228.09","228.33","229.25","222.77","53.01M","-0.50%"
"May 30, 2017","229.24","226.21","229.94","225.52","27.78M","0.90%"
"May 26, 2017","227.19","229.39","229.71","226.54","23.98M","-1.00%"
"May 25, 2017","229.48","232.22","233.75","228.58","28.74M","-0.80%"
"May 24, 2017","231.32","234.72","238.16","230.14","60.09M","-0.45%"
"May 23, 2017","232.36","224.82","234.16","223.72","33.61M","3.63%"
"May 22, 2017","224.21","225.87","226.94","222.93","22.53M","-0.11%"
"May 19, 2017","224.46","222.85","226.59","222.26","25.81M","1.60%"
"May 18, 2017","220.93","219.90","222.80","218.13","29.18M","-0.39%"
"May 17, 2017","221.80","225.75","226.58","221.24","27.40M","-2.95%"
"May 16, 2017","228.54","227.76","229.86","225.55","21.00M","0.52%"
"May 15, 2017","227.36","227.24","228.51","225.81","24.28M","0.98%"
"May 12, 2017","225.16","225.66","226.78","223.94","27.01M","-0.67%"
"May 11, 2017","226.69","229.93","230.23","225.35","27.19M","-1.41%"
"May 10, 2017","229.94","231.46","232.23","227.94","42.82M","-0.64%"
"May 09, 2017","231.41","235.61","236.31","230.66","22.49M","-1.77%"
"May 08, 2017","235.59","236.12","236.30","234.05","17.62M","-0.72%"
"May 05, 2017","237.31","238.76","239.48","234.96","24.54M","-0.19%"
"May 04, 2017","237.76","235.21","239.02","234.54","28.81M","0.49%"
"May 03, 2017","236.59","242.32","242.46","235.20","31.18M","-3.01%"
"May 02, 2017","243.94","243.76","246.35","242.71","25.49M","-0.28%"
"May 01, 2017","244.63","244.33","248.03","241.33","39.25M","0.53%"
"Apr 28, 2017","243.33","245.66","247.18","243.19","35.16M","-0.93%"
"Apr 27, 2017","245.62","245.04","247.56","242.86","61.08M","-0.31%"
"Apr 26, 2017","246.39","240.08","247.72","239.38","117.83M","-2.23%"
"Apr 25, 2017","252.01","253.61","255.06","249.52","49.93M","0.36%"
"Apr 24, 2017","251.10","249.51","252.77","246.90","33.84M","2.58%"
"Apr 21, 2017","244.78","244.84","245.55","241.41","32.78M","0.03%"
"Apr 20, 2017","244.70","235.50","246.10","235.50","56.50M","4.94%"
"Apr 19, 2017","233.19","235.51","237.36","232.58","31.92M","-0.09%"
"Apr 18, 2017","233.41","230.86","236.13","230.12","33.77M","-0.11%"
"Apr 17, 2017","233.67","235.16","235.86","231.53","34.53M","-0.12%"
"Apr 13, 2017","233.94","240.08","241.27","233.92","38.86M","-2.54%"
"Apr 12, 2017","240.04","248.47","248.47","239.73","49.24M","-4.71%"
"Apr 11, 2017","251.91","248.09","252.18","244.88","25.29M","1.34%"
"Apr 10, 2017","248.57","251.56","251.93","246.36","21.38M","-1.02%"
"Apr 07, 2017","251.12","245.45","252.79","244.83","31.15M","1.61%"
"Apr 06, 2017","247.15","245.66","249.45","243.58","26.92M","0.68%"
"Apr 05, 2017","245.48","254.19","257.00","245.06","29.26M","-2.49%"
"Apr 04, 2017","251.76","249.42","253.03","248.31","21.31M","0.67%"
"Apr 03, 2017","250.09","251.08","253.34","246.49","24.44M","0.22%"
"Mar 31, 2017","249.54","249.61","251.46","246.89","23.93M","-0.21%"
"Mar 30, 2017","250.07","248.64","252.22","248.64","27.08M","0.56%"
"Mar 29, 2017","248.67","249.28","250.86","247.23","22.83M","-0.62%"
"Mar 28, 2017","250.22","245.14","252.02","244.15","28.62M","2.14%"
"Mar 27, 2017","244.98","241.18","245.91","238.15","33.54M","-0.71%"
"Mar 24, 2017","246.74","252.81","253.68","245.31","27.79M","-2.18%"
"Mar 23, 2017","252.23","254.62","257.51","250.35","29.39M","-0.98%"
"Mar 22, 2017","254.73","252.22","256.10","250.69","28.76M","1.49%"
"Mar 21, 2017","250.99","265.09","265.51","250.69","35.73M","-5.15%"
"Mar 20, 2017","264.61","265.49","265.70","262.00","19.32M","-0.51%"
"Mar 17, 2017","265.97","266.10","271.56","265.24","34.29M","0.36%"
"Mar 16, 2017","265.02","270.25","271.53","264.36","31.43M","0.55%"
"Mar 15, 2017","263.56","256.28","264.11","255.10","28.67M","3.83%"
"Mar 14, 2017","253.85","251.33","254.36","249.30","20.55M","0.27%"
"Mar 13, 2017","253.17","254.23","255.07","251.73","22.26M","0.94%"
"Mar 10, 2017","250.81","252.95","255.64","249.84","26.70M","-0.27%"
"Mar 09, 2017","251.50","252.80","256.65","249.98","26.38M","-1.02%"
"Mar 08, 2017","254.10","254.38","256.60","252.92","27.99M","-0.02%"
"Mar 07, 2017","254.16","262.22","263.94","254.00","22.87M","-3.28%"
"Mar 06, 2017","262.79","260.88","263.61","259.43","20.59M","-0.54%"
"Mar 03, 2017","264.23","264.45","266.39","261.69","25.72M","0.07%"
"Mar 02, 2017","264.04","272.60","272.82","263.83","28.92M","-3.62%"
"Mar 01, 2017","273.96","272.79","276.90","272.55","35.57M","2.72%"
"Feb 28, 2017","266.71","267.35","270.89","265.34","30.34M","-0.23%"
"Feb 27, 2017","267.32","260.69","269.31","260.32","31.36M","2.69%"
"Feb 24, 2017","260.32","257.46","262.86","256.34","29.59M","-0.13%"
"Feb 23, 2017","260.65","274.89","275.44","258.61","48.48M","-4.46%"
"Feb 22, 2017","272.81","275.09","275.09","271.54","24.91M","-1.63%"
"Feb 21, 2017","277.33","275.27","278.19","275.27","27.94M","1.52%"
"Feb 17, 2017","273.18","272.61","274.66","270.53","22.60M","-0.14%"
"Feb 16, 2017","273.57","274.28","276.67","270.53","24.28M","-0.20%"
"Feb 15, 2017","274.13","271.86","276.73","271.66","31.78M","0.78%"
"Feb 14, 2017","272.00","272.61","272.92","268.99","25.09M","-0.67%"
"Feb 13, 2017","273.83","270.75","275.49","269.94","40.56M","3.52%"
"Feb 10, 2017","264.53","266.81","267.82","263.94","30.69M","0.04%"
"Feb 09, 2017","264.42","253.50","264.47","253.31","48.69M","4.80%"
"Feb 08, 2017","252.30","249.53","252.31","247.99","23.62M","1.01%"
"Feb 07, 2017","249.78","253.85","255.68","249.30","26.85M","-0.76%"
"Feb 06, 2017","251.69","251.37","253.78","250.77","24.59M","0.49%"
"Feb 03, 2017","250.46","250.55","251.35","246.89","29.64M","-0.40%"
"Feb 02, 2017","251.46","245.99","251.66","245.99","49.94M","2.63%"
"Feb 01, 2017","245.02","251.48","254.26","241.65","43.73M","-1.48%"
"Jan 31, 2017","248.70","254.09","254.09","244.92","40.30M","-2.21%"
"Jan 30, 2017","254.33","256.63","256.63","249.22","31.39M","-1.83%"
"Jan 27, 2017","259.06","258.15","260.53","256.12","28.58M","0.52%"
"Jan 26, 2017","257.72","251.79","258.23","251.13","44.28M","2.10%"
"Jan 25, 2017","252.43","256.52","257.52","248.85","57.59M","-2.30%"
"Jan 24, 2017","258.37","256.96","261.43","256.24","60.88M","3.00%"
"Jan 23, 2017","250.85","255.34","255.47","248.18","26.43M","-1.08%"
"Jan 20, 2017","253.58","252.58","254.77","251.09","28.18M","0.88%"
"Jan 19, 2017","251.37","258.24","258.71","249.40","30.12M","-3.46%"
"Jan 18, 2017","260.37","250.80","260.62","249.88","47.54M","4.08%"
"Jan 17, 2017","250.17","251.43","252.97","248.61","24.64M","-0.77%"
"Jan 13, 2017","252.11","252.62","256.32","251.01","23.80M","-0.09%"
"Jan 12, 2017","252.34","254.89","255.12","249.75","35.45M","-2.36%"
"Jan 11, 2017","258.45","259.60","260.45","256.08","26.83M","-0.25%"
"Jan 10, 2017","259.11","254.81","259.56","253.63","30.92M","3.24%"
"Jan 09, 2017","250.99","257.89","259.14","250.64","29.52M","-2.05%"
"Jan 06, 2017","256.24","261.01","263.33","256.16","23.62M","-1.88%"
"Jan 05, 2017","261.14","262.77","266.48","259.59","27.06M","-0.81%"
"Jan 04, 2017","263.26","253.90","263.33","252.75","32.73M","3.89%"
"Jan 03, 2017","253.41","251.88","257.23","250.31","25.47M","1.33%"
"Dec 30, 2016","250.08","256.50","257.54","249.69","22.82M","-2.38%"
"Dec 29, 2016","256.17","256.89","258.62","253.73","15.71M","-0.21%"
"Dec 28, 2016","256.72","262.69","264.69","256.43","15.85M","-1.85%"
"Dec 27, 2016","261.57","261.47","262.77","260.64","12.12M","0.71%"
"Dec 23, 2016","259.72","260.21","260.56","258.13","11.19M","-0.25%"
"Dec 22, 2016","260.38","263.65","264.77","259.87","19.24M","-1.43%"
"Dec 21, 2016","264.17","264.80","266.85","261.13","22.11M","-0.21%"
"Dec 20, 2016","264.72","257.36","265.45","257.03","30.07M","2.49%"
"Dec 19, 2016","258.30","256.56","260.56","255.56","22.52M","-0.19%"
"Dec 16, 2016","258.79","264.84","266.34","258.36","40.52M","-2.64%"
"Dec 15, 2016","265.82","259.72","267.02","257.74","32.15M","0.42%"
"Dec 14, 2016","264.72","264.14","270.91","263.83","30.64M","-0.15%"
"Dec 13, 2016","265.13","268.45","270.15","262.68","32.97M","-0.87%"
"Dec 12, 2016","267.45","273.65","273.79","266.27","29.83M","-1.99%"
"Dec 09, 2016","272.89","278.01","278.27","271.21","31.97M","-2.12%"
"Dec 08, 2016","278.81","281.50","284.51","278.42","41.86M","-0.16%"
"Dec 07, 2016","279.27","275.98","280.65","275.18","37.58M","1.80%"
"Dec 06, 2016","274.33","270.50","274.49","268.46","34.76M","1.05%"
"Dec 05, 2016","271.47","265.85","271.62","265.85","32.42M","3.55%"
"Dec 02, 2016","262.16","257.83","262.18","256.81","6.94M","1.57%"
"Dec 01, 2016","258.10","258.92","260.01","257.05","5.98M","0.22%"
"Nov 30, 2016","257.53","257.86","261.88","256.21","7.57M","0.94%"
"Nov 29, 2016","255.14","253.87","257.23","250.45","9.04M","-1.45%"
"Nov 28, 2016","258.89","262.35","262.66","257.42","7.44M","-1.54%"
"Nov 25, 2016","262.94","262.44","263.69","260.71","3.32M","0.32%"
"Nov 23, 2016","262.10","258.32","262.18","256.21","8.17M","0.78%"
"Nov 22, 2016","260.07","248.63","260.50","248.63","9.65M","5.43%"
"Nov 21, 2016","246.68","245.16","246.74","243.31","5.80M","1.43%"
"Nov 18, 2016","243.21","244.49","245.27","242.41","6.86M","-0.78%"
"Nov 17, 2016","245.11","246.11","246.84","244.72","6.46M","-0.24%"
"Nov 16, 2016","245.71","245.89","246.52","243.36","7.11M","-0.91%"
"Nov 15, 2016","247.97","242.13","248.03","240.83","9.89M","0.72%"
"Nov 14, 2016","246.20","241.25","246.98","241.25","10.94M","2.87%"
"Nov 11, 2016","239.32","238.51","239.91","233.22","10.18M","0.61%"
"Nov 10, 2016","237.86","234.82","239.55","232.92","12.79M","2.22%"
"Nov 09, 2016","232.69","208.34","234.75","208.34","16.78M","11.69%"
"Nov 08, 2016","208.34","205.62","209.99","205.58","6.88M","0.52%"
"Nov 07, 2016","207.27","204.38","207.97","204.38","7.35M","2.63%"
"Nov 04, 2016","201.96","197.81","204.19","197.53","8.52M","2.13%"
"Nov 03, 2016","197.74","194.01","198.75","194.01","8.35M","2.10%"
"Nov 02, 2016","193.68","194.11","197.74","192.49","9.06M","-0.56%"
"Nov 01, 2016","194.77","199.45","201.12","193.08","8.54M","-2.01%"
"Oct 31, 2016","198.77","195.83","199.16","195.11","7.38M","1.94%"
"Oct 28, 2016","194.98","193.45","197.61","193.24","8.62M","0.63%"
"Oct 27, 2016","193.76","197.88","197.88","193.03","8.06M","-2.29%"
"Oct 26, 2016","198.30","197.50","199.32","196.47","7.13M","0.55%"
"Oct 25, 2016","197.22","201.39","203.18","197.00","9.96M","-1.44%"
"Oct 24, 2016","200.10","202.79","203.59","199.78","5.75M","-0.33%"
"Oct 21, 2016","200.77","200.75","202.84","197.74","9.41M","-0.74%"
"Oct 20, 2016","202.27","195.28","202.72","190.45","12.72M","1.10%"
"Oct 19, 2016","200.07","195.88","200.54","195.75","8.02M","2.95%"
"Oct 18, 2016","194.34","194.61","195.72","192.01","5.63M","0.94%"
"Oct 17, 2016","192.53","191.60","194.66","191.46","5.16M","0.83%"
"Oct 14, 2016","190.94","192.13","193.29","190.49","4.58M","0.22%"
"Oct 13, 2016","190.53","192.39","192.39","187.83","6.52M","-2.33%"
"Oct 12, 2016","195.07","194.88","195.97","193.78","4.23M","0.11%"
"Oct 11, 2016","194.85","196.68","197.45","193.95","5.45M","-1.56%"
"Oct 10, 2016","197.93","197.49","200.53","197.49","4.31M","0.95%"
"Oct 07, 2016","196.06","198.99","199.57","193.29","6.09M","-0.82%"
"Oct 06, 2016","197.68","195.94","198.67","195.82","5.60M","0.15%"
"Oct 05, 2016","197.39","196.32","197.90","194.96","5.62M","1.42%"
"Oct 04, 2016","194.62","199.09","199.15","194.47","6.82M","-2.73%"
"Oct 03, 2016","200.09","203.05","203.09","198.90","5.47M","-1.38%"
"Sep 30, 2016","202.90","202.48","204.37","200.31","8.01M","0.54%"
"Sep 29, 2016","201.82","205.23","207.29","200.59","7.59M","-2.03%"
"Sep 28, 2016","206.00","202.26","206.17","201.51","7.10M","2.16%"
"Sep 27, 2016","201.64","199.18","201.66","198.15","6.46M","0.58%"
"Sep 26, 2016","200.48","199.51","201.39","198.69","6.20M","0.29%"
"Sep 23, 2016","199.90","197.15","201.01","196.93","6.91M","1.23%"
"Sep 22, 2016","197.48","198.36","200.98","197.14","8.18M","0.62%"
"Sep 21, 2016","196.26","189.92","196.43","189.92","8.92M","3.70%"
"Sep 20, 2016","189.25","188.93","189.98","188.16","6.61M","0.14%"
"Sep 19, 2016","188.98","187.34","190.51","187.34","7.93M","1.87%"
"Sep 16, 2016","185.52","185.47","186.92","184.44","9.15M","-0.23%"
"Sep 15, 2016","185.95","183.89","186.59","182.90","6.22M","0.90%"
"Sep 14, 2016","184.29","184.81","185.20","182.01","7.79M","-0.74%"
"Sep 13, 2016","185.67","191.14","191.14","183.87","8.55M","-3.89%"
"Sep 12, 2016","193.18","187.94","193.84","187.22","8.37M","1.59%"
"Sep 09, 2016","190.15","197.72","197.72","190.06","8.82M","-4.86%"
"Sep 08, 2016","199.86","202.50","202.50","199.62","5.75M","-1.59%"
"Sep 07, 2016","203.09","201.23","203.09","200.29","5.95M","0.46%"
"Sep 06, 2016","202.16","199.19","202.18","197.41","6.07M","1.97%"
"Sep 02, 2016","198.25","201.89","203.55","197.13","5.83M","-0.60%"
"Sep 01, 2016","199.45","198.37","200.16","196.36","5.80M","0.78%"
"Aug 31, 2016","197.90","197.39","198.48","196.12","8.16M","-0.34%"
"Aug 30, 2016","198.57","201.79","201.88","197.82","5.32M","-1.96%"
"Aug 29, 2016","202.54","198.50","202.88","198.34","4.30M","2.02%"
"Aug 26, 2016","198.52","200.11","204.03","197.92","7.15M","-0.34%"
"Aug 25, 2016","199.20","198.93","201.39","198.52","5.63M","0.08%"
"Aug 24, 2016","199.05","203.83","203.83","198.77","5.45M","-2.65%"
"Aug 23, 2016","204.47","205.67","208.04","204.43","5.40M","0.03%"
"Aug 22, 2016","204.41","201.90","204.44","201.01","5.16M","1.05%"
"Aug 19, 2016","202.28","206.02","206.02","201.47","7.09M","-2.64%"
"Aug 18, 2016","207.76","206.29","207.78","204.92","4.76M","1.00%"
"Aug 17, 2016","205.70","205.95","206.66","204.04","4.65M","-0.25%"
"Aug 16, 2016","206.21","210.07","210.68","206.19","4.87M","-1.57%"
"Aug 15, 2016","209.49","205.43","210.65","205.39","6.67M","2.46%"
"Aug 12, 2016","204.46","210.74","210.74","204.24","6.99M","-3.04%"
"Aug 11, 2016","210.86","210.63","211.47","208.89","6.55M","0.11%"
"Aug 10, 2016","210.63","213.28","213.52","210.53","10.85M","-1.09%"
"Aug 09, 2016","212.96","216.03","216.03","212.73","6.67M","-1.77%"
"Aug 08, 2016","216.79","217.70","218.40","215.42","4.04M","-0.33%"
"Aug 05, 2016","217.50","216.19","217.59","216.19","4.62M","0.63%"
"Aug 04, 2016","216.14","218.05","218.05","214.68","4.55M","-0.89%"
"Aug 03, 2016","218.08","215.20","218.29","214.26","4.94M","0.99%"
"Aug 02, 2016","215.94","218.06","218.23","214.05","5.99M","-0.95%"
"Aug 01, 2016","218.01","220.60","220.60","216.36","6.05M","-1.18%"
"Jul 29, 2016","220.61","220.76","222.19","218.58","7.45M","-0.05%"
"Jul 28, 2016","220.72","218.58","221.15","216.24","7.67M","1.03%"
"Jul 27, 2016","218.47","217.85","222.33","216.65","12.75M","0.45%"
"Jul 26, 2016","217.50","209.46","217.93","209.36","9.13M","3.72%"
"Jul 25, 2016","209.69","210.61","211.90","208.32","5.32M","-0.50%"
"Jul 22, 2016","210.74","208.87","210.87","208.10","5.01M","0.85%"
"Jul 21, 2016","208.96","215.05","216.37","207.79","6.81M","-2.77%"
"Jul 20, 2016","214.92","218.03","218.03","211.51","7.20M","-1.76%"
"Jul 19, 2016","218.76","223.40","223.40","216.36","7.36M","-2.64%"
"Jul 18, 2016","224.69","224.29","224.71","221.75","4.97M","0.08%"
"Jul 15, 2016","224.51","224.09","225.20","223.23","4.78M","0.13%"
"Jul 14, 2016","224.21","222.37","224.94","221.05","5.85M","0.95%"
"Jul 13, 2016","222.09","221.96","223.24","218.67","6.76M","0.18%"
"Jul 12, 2016","221.70","217.38","222.25","217.38","8.31M","2.86%"
"Jul 11, 2016","215.53","210.89","215.75","210.89","6.30M","2.32%"
"Jul 08, 2016","210.64","203.99","211.13","203.99","6.92M","3.39%"
"Jul 07, 2016","203.73","202.25","205.55","201.80","5.63M","0.78%"
"Jul 06, 2016","202.16","196.18","202.36","196.18","7.46M","2.97%"
"Jul 05, 2016","196.32","200.63","200.63","194.84","6.84M","-1.94%"
"Jul 01, 2016","200.21","196.48","202.14","196.48","8.54M","1.88%"
"Jun 30, 2016","196.51","188.91","196.52","188.91","8.35M","4.28%"
"Jun 29, 2016","188.44","187.49","190.22","187.49","6.01M","1.14%"
"Jun 28, 2016","186.32","183.74","186.60","183.41","7.11M","1.91%"
"Jun 27, 2016","182.83","189.20","189.20","181.97","6.38M","-3.37%"
"Jun 24, 2016","189.20","201.63","201.63","188.51","16.36M","-6.16%"
"Jun 23, 2016","201.63","197.36","201.64","197.36","7.55M","2.16%"
"Jun 22, 2016","197.36","199.13","200.91","196.53","6.40M","-0.86%"
"Jun 21, 2016","199.08","204.49","204.49","197.50","7.13M","-2.65%"
"Jun 20, 2016","204.50","200.02","205.70","200.02","5.83M","2.32%"
"Jun 17, 2016","199.86","201.16","203.79","199.47","11.54M","-0.61%"
"Jun 16, 2016","201.09","200.14","201.22","196.65","5.83M","0.43%"
"Jun 15, 2016","200.23","196.45","201.53","196.45","7.23M","2.05%"
"Jun 14, 2016","196.21","198.30","199.72","194.91","5.96M","-1.18%"
"Jun 13, 2016","198.56","201.01","201.81","198.45","6.03M","-1.08%"
"Jun 10, 2016","200.72","201.01","202.34","198.94","6.74M","-0.43%"
"Jun 09, 2016","201.58","205.06","205.06","199.63","6.53M","-2.03%"
"Jun 08, 2016","205.76","200.44","207.09","200.44","9.90M","3.26%"
"Jun 07, 2016","199.26","199.26","199.26","199.26","5.60M","0.16%"
"Jun 06, 2016","198.94","196.17","199.14","196.17","5.88M","1.46%"
"Jun 03, 2016","196.08","193.43","196.24","192.97","6.90M","1.56%"
"Jun 02, 2016","193.06","191.29","193.08","189.54","6.00M","0.88%"
"Jun 01, 2016","191.37","190.67","191.78","187.75","5.56M","0.26%"
"May 31, 2016","190.87","190.17","193.38","189.64","6.88M","0.41%"
"May 27, 2016","190.10","191.41","191.81","187.32","5.97M","-0.69%"
"May 26, 2016","191.43","190.76","195.14","190.33","7.89M","0.74%"
"May 25, 2016","190.03","185.95","190.34","185.95","6.93M","2.21%"
"May 24, 2016","185.93","184.88","187.43","184.41","6.70M","0.59%"
"May 23, 2016","184.84","182.08","185.90","180.80","7.35M","1.48%"
"May 20, 2016","182.15","182.66","184.24","181.41","7.11M","-0.12%"
"May 19, 2016","182.37","179.70","183.12","177.41","8.83M","1.49%"
"May 18, 2016","179.70","185.36","185.78","178.86","7.88M","-3.10%"
"May 17, 2016","185.45","189.24","189.33","184.53","8.46M","-2.00%"
"May 16, 2016","189.24","187.07","192.63","187.07","8.11M","1.32%"
"May 13, 2016","186.77","187.62","189.33","185.34","7.20M","-0.51%"
"May 12, 2016","187.73","190.44","192.12","186.92","8.16M","-1.38%"
"May 11, 2016","190.36","191.10","193.49","189.21","5.96M","-0.37%"
"May 10, 2016","191.07","185.81","191.13","185.81","7.37M","2.89%"
"May 09, 2016","185.70","196.45","196.45","185.15","9.35M","-5.77%"
"May 06, 2016","197.07","195.43","198.11","193.18","6.45M","0.76%"
"May 05, 2016","195.58","196.23","198.86","194.13","6.53M","-0.21%"
"May 04, 2016","195.99","195.96","198.39","193.83","8.12M","-0.15%"
"May 03, 2016","196.28","203.45","203.45","194.06","8.77M","-3.52%"
"May 02, 2016","203.45","200.98","203.92","199.20","7.84M","1.23%"
"Apr 29, 2016","200.98","199.99","202.81","198.10","10.50M","0.64%"
"Apr 28, 2016","199.70","202.26","205.36","199.18","7.36M","-1.25%"
"Apr 27, 2016","202.23","197.67","202.36","194.88","8.64M","1.95%"
"Apr 26, 2016","198.37","196.92","198.71","192.38","8.94M","0.86%"
"Apr 25, 2016","196.68","199.44","199.44","195.26","7.46M","-1.57%"
"Apr 22, 2016","199.82","199.97","203.47","198.95","7.50M","-0.38%"
"Apr 21, 2016","200.58","202.48","203.17","197.89","8.49M","-0.91%"
"Apr 20, 2016","202.42","203.41","204.43","200.73","8.72M","-0.31%"
"Apr 19, 2016","203.05","200.42","205.01","200.42","7.16M","1.35%"
"Apr 18, 2016","200.34","199.01","201.13","197.60","5.33M","0.43%"
"Apr 15, 2016","199.48","197.35","199.53","196.22","6.50M","0.83%"
"Apr 14, 2016","197.84","197.23","198.40","196.01","6.14M","0.33%"
"Apr 13, 2016","197.19","191.32","198.34","191.32","8.40M","3.07%"
"Apr 12, 2016","191.32","189.90","192.00","188.40","6.15M","0.72%"
"Apr 11, 2016","189.95","187.70","192.22","187.70","7.41M","1.29%"
"Apr 08, 2016","187.53","183.50","188.83","183.50","6.19M","2.27%"
"Apr 07, 2016","183.37","186.80","186.80","182.71","6.99M","-1.88%"
"Apr 06, 2016","186.88","185.35","187.29","183.55","6.34M","0.79%"
"Apr 05, 2016","185.41","184.84","187.04","184.38","6.48M","0.08%"
"Apr 04, 2016","185.26","189.70","190.59","185.01","5.77M","-2.38%"
"Apr 01, 2016","189.77","186.69","189.78","185.18","6.62M","1.21%"
"Mar 31, 2016","187.50","190.90","191.08","187.19","5.47M","-1.90%"
"Mar 30, 2016","191.13","189.09","191.90","188.61","6.35M","1.50%"
"Mar 29, 2016","188.31","185.63","188.36","182.42","6.56M","1.39%"
"Mar 28, 2016","185.73","185.15","187.07","182.95","4.88M","0.24%"
"Mar 24, 2016","185.29","182.10","185.31","180.28","6.10M","1.75%"
"Mar 23, 2016","182.10","186.22","187.04","181.67","7.17M","-2.31%"
"Mar 22, 2016","186.40","185.36","187.34","183.42","4.68M","0.33%"
"Mar 21, 2016","185.78","187.03","187.03","182.84","5.85M","-0.69%"
"Mar 18, 2016","187.07","186.77","190.36","185.74","12.10M","0.26%"
"Mar 17, 2016","186.58","181.67","186.94","179.61","7.11M","2.76%"
"Mar 16, 2016","181.56","177.24","182.09","175.64","7.24M","2.34%"
"Mar 15, 2016","177.41","178.22","178.79","174.64","5.66M","-0.64%"
"Mar 14, 2016","178.55","178.63","180.62","175.55","6.14M","-0.32%"
"Mar 11, 2016","179.12","178.76","180.69","175.54","6.72M","0.61%"
"Mar 10, 2016","178.03","171.93","178.09","171.05","7.45M","3.69%"
"Mar 09, 2016","171.69","173.03","174.39","169.80","5.36M","-0.60%"
"Mar 08, 2016","172.73","176.87","177.09","172.19","7.48M","-2.34%"
"Mar 07, 2016","176.87","169.72","176.88","169.67","7.97M","4.37%"
"Mar 04, 2016","169.47","169.74","173.77","167.17","11.42M","-0.04%"
"Mar 03, 2016","169.54","168.60","172.10","168.58","9.80M","0.46%"
"Mar 02, 2016","168.76","160.23","168.93","160.23","9.18M","5.38%"
"Mar 01, 2016","160.14","154.17","160.89","154.17","5.96M","3.87%"
"Feb 29, 2016","154.17","153.33","155.69","151.90","7.09M","0.69%"
"Feb 26, 2016","153.11","152.24","155.00","152.24","4.76M","0.69%"
"Feb 25, 2016","152.06","149.53","152.07","148.72","4.78M","1.68%"
"Feb 24, 2016","149.55","148.22","149.77","144.10","5.07M","0.38%"
"Feb 23, 2016","148.99","152.87","152.87","148.74","4.19M","-2.60%"
"Feb 22, 2016","152.97","150.22","154.20","150.22","4.34M","1.99%"
"Feb 19, 2016","149.98","151.91","151.91","149.00","4.66M","-1.35%"
"Feb 18, 2016","152.04","155.85","156.06","151.33","5.14M","-2.45%"
"Feb 17, 2016","155.86","152.49","157.05","152.49","6.14M","2.28%"
"Feb 16, 2016","152.38","151.10","153.52","149.68","4.61M","1.17%"
"Feb 12, 2016","150.62","143.32","151.01","143.32","5.41M","5.30%"
"Feb 11, 2016","143.04","144.25","144.53","140.75","4.91M","-1.49%"
"Feb 10, 2016","145.21","145.24","148.48","144.80","4.11M","0.03%"
"Feb 09, 2016","145.17","146.34","146.71","143.05","6.21M","-1.52%"
"Feb 08, 2016","147.41","149.74","149.74","145.67","4.83M","-1.60%"
"Feb 05, 2016","149.81","151.59","155.34","149.06","6.35M","-1.91%"
"Feb 04, 2016","152.73","148.95","156.63","148.95","8.34M","2.61%"
"Feb 03, 2016","148.85","143.48","149.42","142.81","5.78M","3.91%"
"Feb 02, 2016","143.25","145.33","145.33","142.24","4.37M","-1.77%"
"Feb 01, 2016","145.83","147.18","147.18","143.30","5.38M","-0.96%"
"Jan 29, 2016","147.25","138.45","147.27","138.38","7.51M","6.21%"
"Jan 28, 2016","138.64","135.91","138.99","133.52","6.78M","2.33%"
"Jan 27, 2016","135.48","138.61","138.73","134.85","8.53M","-2.34%"
"Jan 26, 2016","138.73","132.09","139.38","132.09","7.27M","5.11%"
"Jan 25, 2016","131.98","134.69","135.06","131.79","5.12M","-2.01%"
"Jan 22, 2016","134.69","133.22","136.62","133.06","6.64M","1.23%"
"Jan 21, 2016","133.05","132.33","134.92","131.51","6.33M","0.55%"
"Jan 20, 2016","132.32","132.82","133.82","127.47","7.07M","-0.56%"
"Jan 19, 2016","133.07","132.65","135.37","131.16","5.21M","0.32%"
"Jan 15, 2016","132.65","137.34","137.34","130.65","6.10M","-3.56%"
"Jan 14, 2016","137.54","135.68","138.71","134.74","5.43M","1.90%"
"Jan 13, 2016","134.97","138.67","140.33","134.31","5.66M","-2.00%"
"Jan 12, 2016","137.73","137.95","139.23","134.25","7.10M","0.55%"
"Jan 11, 2016","136.98","138.39","139.57","135.88","5.66M","-0.98%"
"Jan 08, 2016","138.33","142.50","143.62","138.22","5.09M","-2.74%"
"Jan 07, 2016","142.23","148.71","148.71","140.93","7.37M","-4.52%"
"Jan 06, 2016","148.97","150.74","150.74","148.10","6.22M","-1.42%"
"Jan 05, 2016","151.12","150.46","151.34","148.90","5.29M","1.00%"
"Jan 04, 2016","149.62","150.98","150.98","147.52","6.54M","-1.16%"
"Dec 31, 2015","151.37","152.08","153.20","151.20","4.30M","-0.61%"